Event ID;Name Event;Beschreibung (Zusammenfassung);Kategorie;Subkategorie;Datum Start;Datum Ende;Startzeit;Endzeit;Ort;Location;"Location 
Google Maps Link";Website Anbieter;Email Anbieter;"Telefonnummer 
Anbieter";Anmeldung erfoderlich?;Bild / Flyer vom Anbieter;Beschreibung detailliert;Quelle;Eventhinweis vom Aggregator
2026-07-04-0001;Grenzen spüren, Klarheit finden;Ein achtsamer Workshop zu persönlichen Grenzen, Körperwahrnehmung und klarer Kommunikation.;Inspiration & Lernen;Workshop;2026-07-04;2026-07-04;10:00;17:00;Frankfurt am Main;Mainraum Studio;https://maps.example/?q=mainraum+studio+frankfurt+am+main;https://www.grenzen-spueren-klarheit-finden.example;kontakt@grenzen-spueren-klarheit-finden.example;+49 69 88001 1301;ja;bilder/inspiration_lernen/2026-07-04-0001_grenzen_spuren_klarheit_finden.png;Das fiktive Event „Grenzen spüren, Klarheit finden“ findet im urbanen Rhythmus von Frankfurt am Main, nahe Mainufer und lebendiger Stadtenergie statt. Reflexion, Lernen, Selbstführung und bewusstes Integrieren stehen im Mittelpunkt. Die Beschreibung ist bewusst als realistisch klingender Demo-Content formuliert, bleibt aber vollständig erfunden und dient der Befüllung einer Web-App mit glaubwürdigen Beispieldaten. Grenzen spüren, Klarheit finden lädt dich ein, Wissen nicht nur im Kopf zu verstehen, sondern direkt im Körper zu erfahren. In einer ruhigen und klar gehaltenen Atmosphäre verbindet das Format kurze theoretische Impulse mit Reflexionsfragen, Partnerübungen und Momenten der Stille. Der Fokus liegt darauf, neue Erkenntnisse alltagstauglich zu verankern und persönliche Handlungsspielräume bewusster wahrzunehmen. Das Event richtet sich an Menschen, die persönliche Entwicklung, spirituelle Praxis und geerdete Selbstverantwortung miteinander verbinden möchten.;Fiktiver Rhein-Main-Neckar Veranstaltungskalender – Frankfurt am Main;Die Veranstaltung wird von einem externen Veranstalter durchgeführt. Wir sind nicht Veranstalter und übernehmen keine Verantwortung für Durchführung, Inhalte, Preise, Verfügbarkeit, Änderungen, Absagen oder die Angaben des Veranstalters. Bitte prüfe aktuelle Informationen direkt beim Veranstalter.
2026-07-16-0002;Das Nervensystem als innerer Kompass;Ein verständlicher Impulsabend über Stress, Regulation und intuitive Selbstführung.;Inspiration & Lernen;Vortrag;2026-07-16;2026-07-16;19:00;21:00;Mainz;Rheinlicht Raum;https://maps.example/?q=rheinlicht+raum+mainz;https://www.das-nervensystem-als-innerer-kompass.example;kontakt@das-nervensystem-als-innerer-kompass.example;+49 6131 88002 1302;empfohlen;bilder/inspiration_lernen/2026-07-16-0002_das_nervensystem_als_innerer_kompass.png;Das fiktive Event „Das Nervensystem als innerer Kompass“ findet in Mainz, getragen von Rheinnähe, Altstadtwärme und einer offenen Kreisatmosphäre statt. Reflexion, Lernen, Selbstführung und bewusstes Integrieren stehen im Mittelpunkt. Die Beschreibung ist bewusst als realistisch klingender Demo-Content formuliert, bleibt aber vollständig erfunden und dient der Befüllung einer Web-App mit glaubwürdigen Beispieldaten. Das Nervensystem als innerer Kompass lädt dich ein, Wissen nicht nur im Kopf zu verstehen, sondern direkt im Körper zu erfahren. In einer ruhigen und klar gehaltenen Atmosphäre verbindet das Format kurze theoretische Impulse mit Reflexionsfragen, Partnerübungen und Momenten der Stille. Der Fokus liegt darauf, neue Erkenntnisse alltagstauglich zu verankern und persönliche Handlungsspielräume bewusster wahrzunehmen. Das Event richtet sich an Menschen, die persönliche Entwicklung, spirituelle Praxis und geerdete Selbstverantwortung miteinander verbinden möchten.;Fiktiver Rhein-Main-Neckar Veranstaltungskalender – Mainz;Die Veranstaltung wird von einem externen Veranstalter durchgeführt. Wir sind nicht Veranstalter und übernehmen keine Verantwortung für Durchführung, Inhalte, Preise, Verfügbarkeit, Änderungen, Absagen oder die Angaben des Veranstalters. Bitte prüfe aktuelle Informationen direkt beim Veranstalter.
2026-08-01-0003;Herzintelligenz im Alltag;Ein Coaching-Kreis für bewusste Entscheidungen, Selbstmitgefühl und Herzkohärenz.;Inspiration & Lernen;Coaching;2026-08-01;2026-08-01;11:00;15:30;Wiesbaden;Quellenhaus Mitte;https://maps.example/?q=quellenhaus+mitte+wiesbaden;https://www.herzintelligenz-im-alltag.example;kontakt@herzintelligenz-im-alltag.example;+49 611 88003 1303;ja;bilder/inspiration_lernen/2026-08-01-0003_herzintelligenz_im_alltag.png;Das fiktive Event „Herzintelligenz im Alltag“ findet in Wiesbaden, inspiriert von Quellen, Kurparkruhe und sanfter Eleganz statt. Reflexion, Lernen, Selbstführung und bewusstes Integrieren stehen im Mittelpunkt. Die Beschreibung ist bewusst als realistisch klingender Demo-Content formuliert, bleibt aber vollständig erfunden und dient der Befüllung einer Web-App mit glaubwürdigen Beispieldaten. Herzintelligenz im Alltag lädt dich ein, Wissen nicht nur im Kopf zu verstehen, sondern direkt im Körper zu erfahren. In einer ruhigen und klar gehaltenen Atmosphäre verbindet das Format kurze theoretische Impulse mit Reflexionsfragen, Partnerübungen und Momenten der Stille. Der Fokus liegt darauf, neue Erkenntnisse alltagstauglich zu verankern und persönliche Handlungsspielräume bewusster wahrzunehmen. Das Event richtet sich an Menschen, die persönliche Entwicklung, spirituelle Praxis und geerdete Selbstverantwortung miteinander verbinden möchten.;Fiktiver Rhein-Main-Neckar Veranstaltungskalender – Wiesbaden;Die Veranstaltung wird von einem externen Veranstalter durchgeführt. Wir sind nicht Veranstalter und übernehmen keine Verantwortung für Durchführung, Inhalte, Preise, Verfügbarkeit, Änderungen, Absagen oder die Angaben des Veranstalters. Bitte prüfe aktuelle Informationen direkt beim Veranstalter.
2026-08-22-0004;Bewusste Beziehung und ehrlicher Kontakt;Ein Praxisnachmittag zu authentischer Kommunikation und achtsamer Begegnung.;Inspiration & Lernen;Workshop;2026-08-22;2026-08-22;13:00;18:00;Darmstadt;Mathildenraum;https://maps.example/?q=mathildenraum+darmstadt;https://www.bewusste-beziehung-und-ehrlicher-kontakt.example;kontakt@bewusste-beziehung-und-ehrlicher-kontakt.example;+49 6151 88004 1304;ja;bilder/inspiration_lernen/2026-08-22-0004_bewusste_beziehung_und_ehrlicher_kontakt.png;Das fiktive Event „Bewusste Beziehung und ehrlicher Kontakt“ findet in Darmstadt, zwischen kreativer Atelierkultur, Rosenhöhe und bewusster Forschung am Menschsein statt. Reflexion, Lernen, Selbstführung und bewusstes Integrieren stehen im Mittelpunkt. Die Beschreibung ist bewusst als realistisch klingender Demo-Content formuliert, bleibt aber vollständig erfunden und dient der Befüllung einer Web-App mit glaubwürdigen Beispieldaten. Bewusste Beziehung und ehrlicher Kontakt lädt dich ein, Wissen nicht nur im Kopf zu verstehen, sondern direkt im Körper zu erfahren. In einer ruhigen und klar gehaltenen Atmosphäre verbindet das Format kurze theoretische Impulse mit Reflexionsfragen, Partnerübungen und Momenten der Stille. Der Fokus liegt darauf, neue Erkenntnisse alltagstauglich zu verankern und persönliche Handlungsspielräume bewusster wahrzunehmen. Das Event richtet sich an Menschen, die persönliche Entwicklung, spirituelle Praxis und geerdete Selbstverantwortung miteinander verbinden möchten.;Fiktiver Rhein-Main-Neckar Veranstaltungskalender – Darmstadt;Die Veranstaltung wird von einem externen Veranstalter durchgeführt. Wir sind nicht Veranstalter und übernehmen keine Verantwortung für Durchführung, Inhalte, Preise, Verfügbarkeit, Änderungen, Absagen oder die Angaben des Veranstalters. Bitte prüfe aktuelle Informationen direkt beim Veranstalter.
2026-09-03-0005;Spiritualität ohne Flucht;Ein reflektierter Abend über Erdung, Schattenarbeit und alltagstaugliche Praxis.;Inspiration & Lernen;Vortrag;2026-09-03;2026-09-03;18:30;20:45;Heidelberg;Neckarlicht Studio;https://maps.example/?q=neckarlicht+studio+heidelberg;https://www.spiritualitaet-ohne-flucht.example;kontakt@spiritualitaet-ohne-flucht.example;+49 6221 88005 1305;nein;bilder/inspiration_lernen/2026-09-03-0005_spiritualitat_ohne_flucht.png;Das fiktive Event „Spiritualität ohne Flucht“ findet in Heidelberg, mit Neckarblick, Altstadtwärme und der ruhigen Weite der umliegenden Hügel statt. Reflexion, Lernen, Selbstführung und bewusstes Integrieren stehen im Mittelpunkt. Die Beschreibung ist bewusst als realistisch klingender Demo-Content formuliert, bleibt aber vollständig erfunden und dient der Befüllung einer Web-App mit glaubwürdigen Beispieldaten. Spiritualität ohne Flucht lädt dich ein, Wissen nicht nur im Kopf zu verstehen, sondern direkt im Körper zu erfahren. In einer ruhigen und klar gehaltenen Atmosphäre verbindet das Format kurze theoretische Impulse mit Reflexionsfragen, Partnerübungen und Momenten der Stille. Der Fokus liegt darauf, neue Erkenntnisse alltagstauglich zu verankern und persönliche Handlungsspielräume bewusster wahrzunehmen. Das Event richtet sich an Menschen, die persönliche Entwicklung, spirituelle Praxis und geerdete Selbstverantwortung miteinander verbinden möchten.;Fiktiver Rhein-Main-Neckar Veranstaltungskalender – Heidelberg;Die Veranstaltung wird von einem externen Veranstalter durchgeführt. Wir sind nicht Veranstalter und übernehmen keine Verantwortung für Durchführung, Inhalte, Preise, Verfügbarkeit, Änderungen, Absagen oder die Angaben des Veranstalters. Bitte prüfe aktuelle Informationen direkt beim Veranstalter.
2026-09-19-0006;Intuition trainieren: Vom Bauchgefühl zur Entscheidung;Ein Erfahrungsworkshop mit Journaling, Meditation und somatischen Übungen.;Inspiration & Lernen;Workshop;2026-09-19;2026-09-19;10:30;16:30;Aschaffenburg;Mainbogen Atelier;https://maps.example/?q=mainbogen+atelier+aschaffenburg;https://www.intuition-trainieren-vom-bauchgefuehl-zur-entscheidung.example;kontakt@intuition-trainieren-vom-bauchgefuehl-zur-entscheidung.example;+49 6021 88006 1306;ja;bilder/inspiration_lernen/2026-09-19-0006_intuition_trainieren_vom_bauchgefuhl_zur_entscheidung.png;Das fiktive Event „Intuition trainieren: Vom Bauchgefühl zur Entscheidung“ findet in Aschaffenburg, wo Mainufer, Parkgrün und warme Sandsteinfarben eine geerdete Atmosphäre schaffen statt. Reflexion, Lernen, Selbstführung und bewusstes Integrieren stehen im Mittelpunkt. Die Beschreibung ist bewusst als realistisch klingender Demo-Content formuliert, bleibt aber vollständig erfunden und dient der Befüllung einer Web-App mit glaubwürdigen Beispieldaten. Intuition trainieren: Vom Bauchgefühl zur Entscheidung lädt dich ein, Wissen nicht nur im Kopf zu verstehen, sondern direkt im Körper zu erfahren. In einer ruhigen und klar gehaltenen Atmosphäre verbindet das Format kurze theoretische Impulse mit Reflexionsfragen, Partnerübungen und Momenten der Stille. Der Fokus liegt darauf, neue Erkenntnisse alltagstauglich zu verankern und persönliche Handlungsspielräume bewusster wahrzunehmen. Das Event richtet sich an Menschen, die persönliche Entwicklung, spirituelle Praxis und geerdete Selbstverantwortung miteinander verbinden möchten.;Fiktiver Rhein-Main-Neckar Veranstaltungskalender – Aschaffenburg;Die Veranstaltung wird von einem externen Veranstalter durchgeführt. Wir sind nicht Veranstalter und übernehmen keine Verantwortung für Durchführung, Inhalte, Preise, Verfügbarkeit, Änderungen, Absagen oder die Angaben des Veranstalters. Bitte prüfe aktuelle Informationen direkt beim Veranstalter.
2026-10-10-0007;Purpose Lab: Arbeit, Sinn und innere Ausrichtung;Ein kleiner Coaching-Tag für Menschen in beruflicher Neuorientierung.;Inspiration & Lernen;Coaching;2026-10-10;2026-10-10;09:30;17:30;Frankfurt am Main;Atelier Lichtbogen;https://maps.example/?q=atelier+lichtbogen+frankfurt+am+main;https://www.purpose-lab-arbeit-sinn-und-innere-ausrichtung.example;kontakt@purpose-lab-arbeit-sinn-und-innere-ausrichtung.example;+49 69 88007 1307;ja;bilder/inspiration_lernen/2026-10-10-0007_purpose_lab_arbeit_sinn_und_innere_ausrichtung.png;Das fiktive Event „Purpose Lab: Arbeit, Sinn und innere Ausrichtung“ findet im urbanen Rhythmus von Frankfurt am Main, nahe Mainufer und lebendiger Stadtenergie statt. Reflexion, Lernen, Selbstführung und bewusstes Integrieren stehen im Mittelpunkt. Die Beschreibung ist bewusst als realistisch klingender Demo-Content formuliert, bleibt aber vollständig erfunden und dient der Befüllung einer Web-App mit glaubwürdigen Beispieldaten. Purpose Lab: Arbeit, Sinn und innere Ausrichtung lädt dich ein, Wissen nicht nur im Kopf zu verstehen, sondern direkt im Körper zu erfahren. In einer ruhigen und klar gehaltenen Atmosphäre verbindet das Format kurze theoretische Impulse mit Reflexionsfragen, Partnerübungen und Momenten der Stille. Der Fokus liegt darauf, neue Erkenntnisse alltagstauglich zu verankern und persönliche Handlungsspielräume bewusster wahrzunehmen. Das Event richtet sich an Menschen, die persönliche Entwicklung, spirituelle Praxis und geerdete Selbstverantwortung miteinander verbinden möchten.;Fiktiver Rhein-Main-Neckar Veranstaltungskalender – Frankfurt am Main;Die Veranstaltung wird von einem externen Veranstalter durchgeführt. Wir sind nicht Veranstalter und übernehmen keine Verantwortung für Durchführung, Inhalte, Preise, Verfügbarkeit, Änderungen, Absagen oder die Angaben des Veranstalters. Bitte prüfe aktuelle Informationen direkt beim Veranstalter.
2026-10-25-0008;Schatten, Projektion und Selbstverantwortung;Ein bewusstseinsorientierter Lernraum für innere Anteile und reifere Beziehungen.;Inspiration & Lernen;Workshop;2026-10-25;2026-10-25;12:00;18:00;Mainz;Hof der leisen Töne;https://maps.example/?q=hof+der+leisen+tone+mainz;https://www.schatten-projektion-und-selbstverantwortung.example;kontakt@schatten-projektion-und-selbstverantwortung.example;+49 6131 88008 1308;ja;bilder/inspiration_lernen/2026-10-25-0008_schatten_projektion_und_selbstverantwortung.png;Das fiktive Event „Schatten, Projektion und Selbstverantwortung“ findet in Mainz, getragen von Rheinnähe, Altstadtwärme und einer offenen Kreisatmosphäre statt. Reflexion, Lernen, Selbstführung und bewusstes Integrieren stehen im Mittelpunkt. Die Beschreibung ist bewusst als realistisch klingender Demo-Content formuliert, bleibt aber vollständig erfunden und dient der Befüllung einer Web-App mit glaubwürdigen Beispieldaten. Schatten, Projektion und Selbstverantwortung lädt dich ein, Wissen nicht nur im Kopf zu verstehen, sondern direkt im Körper zu erfahren. In einer ruhigen und klar gehaltenen Atmosphäre verbindet das Format kurze theoretische Impulse mit Reflexionsfragen, Partnerübungen und Momenten der Stille. Der Fokus liegt darauf, neue Erkenntnisse alltagstauglich zu verankern und persönliche Handlungsspielräume bewusster wahrzunehmen. Das Event richtet sich an Menschen, die persönliche Entwicklung, spirituelle Praxis und geerdete Selbstverantwortung miteinander verbinden möchten.;Fiktiver Rhein-Main-Neckar Veranstaltungskalender – Mainz;Die Veranstaltung wird von einem externen Veranstalter durchgeführt. Wir sind nicht Veranstalter und übernehmen keine Verantwortung für Durchführung, Inhalte, Preise, Verfügbarkeit, Änderungen, Absagen oder die Angaben des Veranstalters. Bitte prüfe aktuelle Informationen direkt beim Veranstalter.
2026-11-12-0009;Die Kunst des bewussten Loslassens;Ein Abend über Übergänge, Rituale und die Weisheit zyklischer Veränderung.;Inspiration & Lernen;Vortrag;2026-11-12;2026-11-12;19:00;21:15;Wiesbaden;Salon Sonnenberg;https://maps.example/?q=salon+sonnenberg+wiesbaden;https://www.die-kunst-des-bewussten-loslassens.example;kontakt@die-kunst-des-bewussten-loslassens.example;+49 611 88009 1309;empfohlen;bilder/inspiration_lernen/2026-11-12-0009_die_kunst_des_bewussten_loslassens.png;Das fiktive Event „Die Kunst des bewussten Loslassens“ findet in Wiesbaden, inspiriert von Quellen, Kurparkruhe und sanfter Eleganz statt. Reflexion, Lernen, Selbstführung und bewusstes Integrieren stehen im Mittelpunkt. Die Beschreibung ist bewusst als realistisch klingender Demo-Content formuliert, bleibt aber vollständig erfunden und dient der Befüllung einer Web-App mit glaubwürdigen Beispieldaten. Die Kunst des bewussten Loslassens lädt dich ein, Wissen nicht nur im Kopf zu verstehen, sondern direkt im Körper zu erfahren. In einer ruhigen und klar gehaltenen Atmosphäre verbindet das Format kurze theoretische Impulse mit Reflexionsfragen, Partnerübungen und Momenten der Stille. Der Fokus liegt darauf, neue Erkenntnisse alltagstauglich zu verankern und persönliche Handlungsspielräume bewusster wahrzunehmen. Das Event richtet sich an Menschen, die persönliche Entwicklung, spirituelle Praxis und geerdete Selbstverantwortung miteinander verbinden möchten.;Fiktiver Rhein-Main-Neckar Veranstaltungskalender – Wiesbaden;Die Veranstaltung wird von einem externen Veranstalter durchgeführt. Wir sind nicht Veranstalter und übernehmen keine Verantwortung für Durchführung, Inhalte, Preise, Verfügbarkeit, Änderungen, Absagen oder die Angaben des Veranstalters. Bitte prüfe aktuelle Informationen direkt beim Veranstalter.
2026-11-28-0010;Embodied Leadership für leise Menschen;Ein Workshop über Führung aus Präsenz, feinen Signalen und innerer Stabilität.;Inspiration & Lernen;Workshop;2026-11-28;2026-11-28;10:00;17:00;Darmstadt;Atelier Waldspirale;https://maps.example/?q=atelier+waldspirale+darmstadt;https://www.embodied-leadership-fuer-leise-menschen.example;kontakt@embodied-leadership-fuer-leise-menschen.example;+49 6151 88010 1310;ja;bilder/inspiration_lernen/2026-11-28-0010_embodied_leadership_fur_leise_menschen.png;Das fiktive Event „Embodied Leadership für leise Menschen“ findet in Darmstadt, zwischen kreativer Atelierkultur, Rosenhöhe und bewusster Forschung am Menschsein statt. Reflexion, Lernen, Selbstführung und bewusstes Integrieren stehen im Mittelpunkt. Die Beschreibung ist bewusst als realistisch klingender Demo-Content formuliert, bleibt aber vollständig erfunden und dient der Befüllung einer Web-App mit glaubwürdigen Beispieldaten. Embodied Leadership für leise Menschen lädt dich ein, Wissen nicht nur im Kopf zu verstehen, sondern direkt im Körper zu erfahren. In einer ruhigen und klar gehaltenen Atmosphäre verbindet das Format kurze theoretische Impulse mit Reflexionsfragen, Partnerübungen und Momenten der Stille. Der Fokus liegt darauf, neue Erkenntnisse alltagstauglich zu verankern und persönliche Handlungsspielräume bewusster wahrzunehmen. Das Event richtet sich an Menschen, die persönliche Entwicklung, spirituelle Praxis und geerdete Selbstverantwortung miteinander verbinden möchten.;Fiktiver Rhein-Main-Neckar Veranstaltungskalender – Darmstadt;Die Veranstaltung wird von einem externen Veranstalter durchgeführt. Wir sind nicht Veranstalter und übernehmen keine Verantwortung für Durchführung, Inhalte, Preise, Verfügbarkeit, Änderungen, Absagen oder die Angaben des Veranstalters. Bitte prüfe aktuelle Informationen direkt beim Veranstalter.
2026-07-10-0011;Ecstatic Dance: Wellen der Erde;Eine freie Tanzreise mit organischen Beats, Erdung und Raum für Ausdruck ohne Worte.;Tanz;Ecstatic Dance;2026-07-10;2026-07-10;19:30;22:30;Heidelberg;Seminarhaus Philosophenweg;https://maps.example/?q=seminarhaus+philosophenweg+heidelberg;https://www.ecstatic-dance-wellen-der-erde.example;kontakt@ecstatic-dance-wellen-der-erde.example;+49 6221 88011 1311;ja;bilder/tanz/2026-07-10-0011_ecstatic_dance_wellen_der_erde.png;Das fiktive Event „Ecstatic Dance: Wellen der Erde“ findet in Heidelberg, mit Neckarblick, Altstadtwärme und der ruhigen Weite der umliegenden Hügel statt. Bewegung, Körperpräsenz und freie Ausdruckskraft prägen den Charakter des Events. Die Beschreibung ist bewusst als realistisch klingender Demo-Content formuliert, bleibt aber vollständig erfunden und dient der Befüllung einer Web-App mit glaubwürdigen Beispieldaten. Ecstatic Dance: Wellen der Erde ist ein bewegter Erfahrungsraum für Präsenz, Ausdruck und achtsame Verbindung. Nach einem sanften Ankommen öffnet sich ein freier Tanzraum, in dem es keine vorgegebenen Schritte und keinen Leistungsanspruch gibt. Die Musik führt durch unterschiedliche Qualitäten von Erdung, Weite, Kraft und Stille. Besonders wichtig sind klare Grenzen, respektvoller Kontakt und die Einladung, den eigenen Körper als Kompass zu nutzen.;Fiktiver Rhein-Main-Neckar Veranstaltungskalender – Heidelberg;Die Veranstaltung wird von einem externen Veranstalter durchgeführt. Wir sind nicht Veranstalter und übernehmen keine Verantwortung für Durchführung, Inhalte, Preise, Verfügbarkeit, Änderungen, Absagen oder die Angaben des Veranstalters. Bitte prüfe aktuelle Informationen direkt beim Veranstalter.
2026-07-24-0012;Contact Improvisation Jam: Vertrauen in Bewegung;Ein offener Abend für achtsamen Körperkontakt, Rollen, Fallen und Lauschen.;Tanz;Contact Dance;2026-07-24;2026-07-24;18:30;21:30;Aschaffenburg;Schöntal Raum;https://maps.example/?q=schontal+raum+aschaffenburg;https://www.contact-improvisation-jam-vertrauen-in-bewegung.example;kontakt@contact-improvisation-jam-vertrauen-in-bewegung.example;+49 6021 88012 1312;empfohlen;bilder/tanz/2026-07-24-0012_contact_improvisation_jam_vertrauen_in_bewegung.png;Das fiktive Event „Contact Improvisation Jam: Vertrauen in Bewegung“ findet in Aschaffenburg, wo Mainufer, Parkgrün und warme Sandsteinfarben eine geerdete Atmosphäre schaffen statt. Bewegung, Körperpräsenz und freie Ausdruckskraft prägen den Charakter des Events. Die Beschreibung ist bewusst als realistisch klingender Demo-Content formuliert, bleibt aber vollständig erfunden und dient der Befüllung einer Web-App mit glaubwürdigen Beispieldaten. Contact Improvisation Jam: Vertrauen in Bewegung ist ein bewegter Erfahrungsraum für Präsenz, Ausdruck und achtsame Verbindung. Nach einem sanften Ankommen öffnet sich ein freier Tanzraum, in dem es keine vorgegebenen Schritte und keinen Leistungsanspruch gibt. Die Musik führt durch unterschiedliche Qualitäten von Erdung, Weite, Kraft und Stille. Besonders wichtig sind klare Grenzen, respektvoller Kontakt und die Einladung, den eigenen Körper als Kompass zu nutzen.;Fiktiver Rhein-Main-Neckar Veranstaltungskalender – Aschaffenburg;Die Veranstaltung wird von einem externen Veranstalter durchgeführt. Wir sind nicht Veranstalter und übernehmen keine Verantwortung für Durchführung, Inhalte, Preise, Verfügbarkeit, Änderungen, Absagen oder die Angaben des Veranstalters. Bitte prüfe aktuelle Informationen direkt beim Veranstalter.
2026-08-07-0013;Somatic Dance Journey: Inner Ocean;Eine geführte Tanzreise durch Atem, Wirbelsäule und fließende Bewegungen.;Tanz;Somatic Movement;2026-08-07;2026-08-07;19:00;22:00;Frankfurt am Main;Haus am Osthafen;https://maps.example/?q=haus+am+osthafen+frankfurt+am+main;https://www.somatic-dance-journey-inner-ocean.example;kontakt@somatic-dance-journey-inner-ocean.example;+49 69 88013 1313;ja;bilder/tanz/2026-08-07-0013_somatic_dance_journey_inner_ocean.png;Das fiktive Event „Somatic Dance Journey: Inner Ocean“ findet im urbanen Rhythmus von Frankfurt am Main, nahe Mainufer und lebendiger Stadtenergie statt. Bewegung, Körperpräsenz und freie Ausdruckskraft prägen den Charakter des Events. Die Beschreibung ist bewusst als realistisch klingender Demo-Content formuliert, bleibt aber vollständig erfunden und dient der Befüllung einer Web-App mit glaubwürdigen Beispieldaten. Somatic Dance Journey: Inner Ocean ist ein bewegter Erfahrungsraum für Präsenz, Ausdruck und achtsame Verbindung. Nach einem sanften Ankommen öffnet sich ein freier Tanzraum, in dem es keine vorgegebenen Schritte und keinen Leistungsanspruch gibt. Die Musik führt durch unterschiedliche Qualitäten von Erdung, Weite, Kraft und Stille. Besonders wichtig sind klare Grenzen, respektvoller Kontakt und die Einladung, den eigenen Körper als Kompass zu nutzen.;Fiktiver Rhein-Main-Neckar Veranstaltungskalender – Frankfurt am Main;Die Veranstaltung wird von einem externen Veranstalter durchgeführt. Wir sind nicht Veranstalter und übernehmen keine Verantwortung für Durchführung, Inhalte, Preise, Verfügbarkeit, Änderungen, Absagen oder die Angaben des Veranstalters. Bitte prüfe aktuelle Informationen direkt beim Veranstalter.
2026-08-28-0014;Cacao & Ecstatic Dance: Herzbeat;Ein Abend mit Kakao, sanfter Einstimmung und freiem Tanz in herzoffener Atmosphäre.;Tanz;Ecstatic Dance;2026-08-28;2026-08-28;18:00;22:30;Mainz;Studio Goldenes Rad;https://maps.example/?q=studio+goldenes+rad+mainz;https://www.cacao-ecstatic-dance-herzbeat.example;kontakt@cacao-ecstatic-dance-herzbeat.example;+49 6131 88014 1314;ja;bilder/tanz/2026-08-28-0014_cacao_ecstatic_dance_herzbeat.png;Das fiktive Event „Cacao & Ecstatic Dance: Herzbeat“ findet in Mainz, getragen von Rheinnähe, Altstadtwärme und einer offenen Kreisatmosphäre statt. Bewegung, Körperpräsenz und freie Ausdruckskraft prägen den Charakter des Events. Die Beschreibung ist bewusst als realistisch klingender Demo-Content formuliert, bleibt aber vollständig erfunden und dient der Befüllung einer Web-App mit glaubwürdigen Beispieldaten. Cacao & Ecstatic Dance: Herzbeat ist ein bewegter Erfahrungsraum für Präsenz, Ausdruck und achtsame Verbindung. Nach einem sanften Ankommen öffnet sich ein freier Tanzraum, in dem es keine vorgegebenen Schritte und keinen Leistungsanspruch gibt. Die Musik führt durch unterschiedliche Qualitäten von Erdung, Weite, Kraft und Stille. Besonders wichtig sind klare Grenzen, respektvoller Kontakt und die Einladung, den eigenen Körper als Kompass zu nutzen.;Fiktiver Rhein-Main-Neckar Veranstaltungskalender – Mainz;Die Veranstaltung wird von einem externen Veranstalter durchgeführt. Wir sind nicht Veranstalter und übernehmen keine Verantwortung für Durchführung, Inhalte, Preise, Verfügbarkeit, Änderungen, Absagen oder die Angaben des Veranstalters. Bitte prüfe aktuelle Informationen direkt beim Veranstalter.
2026-09-11-0015;Contact Basics: Gewicht teilen, Raum halten;Ein Einsteigerworkshop für Contact Dance mit klaren Übungen und achtsamen Grenzen.;Tanz;Contact Dance;2026-09-11;2026-09-11;17:00;21:00;Wiesbaden;Thermenraum Klarheit;https://maps.example/?q=thermenraum+klarheit+wiesbaden;https://www.contact-basics-gewicht-teilen-raum-halten.example;kontakt@contact-basics-gewicht-teilen-raum-halten.example;+49 611 88015 1315;ja;bilder/tanz/2026-09-11-0015_contact_basics_gewicht_teilen_raum_halten.png;Das fiktive Event „Contact Basics: Gewicht teilen, Raum halten“ findet in Wiesbaden, inspiriert von Quellen, Kurparkruhe und sanfter Eleganz statt. Bewegung, Körperpräsenz und freie Ausdruckskraft prägen den Charakter des Events. Die Beschreibung ist bewusst als realistisch klingender Demo-Content formuliert, bleibt aber vollständig erfunden und dient der Befüllung einer Web-App mit glaubwürdigen Beispieldaten. Contact Basics: Gewicht teilen, Raum halten ist ein bewegter Erfahrungsraum für Präsenz, Ausdruck und achtsame Verbindung. Nach einem sanften Ankommen öffnet sich ein freier Tanzraum, in dem es keine vorgegebenen Schritte und keinen Leistungsanspruch gibt. Die Musik führt durch unterschiedliche Qualitäten von Erdung, Weite, Kraft und Stille. Besonders wichtig sind klare Grenzen, respektvoller Kontakt und die Einladung, den eigenen Körper als Kompass zu nutzen.;Fiktiver Rhein-Main-Neckar Veranstaltungskalender – Wiesbaden;Die Veranstaltung wird von einem externen Veranstalter durchgeführt. Wir sind nicht Veranstalter und übernehmen keine Verantwortung für Durchführung, Inhalte, Preise, Verfügbarkeit, Änderungen, Absagen oder die Angaben des Veranstalters. Bitte prüfe aktuelle Informationen direkt beim Veranstalter.
2026-09-26-0016;Wild Grace Movement Lab;Ein Experimentierraum für wilde, zarte und ehrliche Bewegungsimpulse.;Tanz;Movement Lab;2026-09-26;2026-09-26;14:00;18:30;Darmstadt;Studio Rosenhöhe;https://maps.example/?q=studio+rosenhohe+darmstadt;https://www.wild-grace-movement-lab.example;kontakt@wild-grace-movement-lab.example;+49 6151 88016 1316;empfohlen;bilder/tanz/2026-09-26-0016_wild_grace_movement_lab.png;Das fiktive Event „Wild Grace Movement Lab“ findet in Darmstadt, zwischen kreativer Atelierkultur, Rosenhöhe und bewusster Forschung am Menschsein statt. Bewegung, Körperpräsenz und freie Ausdruckskraft prägen den Charakter des Events. Die Beschreibung ist bewusst als realistisch klingender Demo-Content formuliert, bleibt aber vollständig erfunden und dient der Befüllung einer Web-App mit glaubwürdigen Beispieldaten. Wild Grace Movement Lab ist ein bewegter Erfahrungsraum für Präsenz, Ausdruck und achtsame Verbindung. Nach einem sanften Ankommen öffnet sich ein freier Tanzraum, in dem es keine vorgegebenen Schritte und keinen Leistungsanspruch gibt. Die Musik führt durch unterschiedliche Qualitäten von Erdung, Weite, Kraft und Stille. Besonders wichtig sind klare Grenzen, respektvoller Kontakt und die Einladung, den eigenen Körper als Kompass zu nutzen.;Fiktiver Rhein-Main-Neckar Veranstaltungskalender – Darmstadt;Die Veranstaltung wird von einem externen Veranstalter durchgeführt. Wir sind nicht Veranstalter und übernehmen keine Verantwortung für Durchführung, Inhalte, Preise, Verfügbarkeit, Änderungen, Absagen oder die Angaben des Veranstalters. Bitte prüfe aktuelle Informationen direkt beim Veranstalter.
2026-10-04-0017;Silent Ecstatic Morning;Eine morgendliche Tanzsession mit Kopfhörern, Sonnenlicht und bewusster Stille.;Tanz;Ecstatic Dance;2026-10-04;2026-10-04;08:30;11:00;Heidelberg;Altstadt Klangraum;https://maps.example/?q=altstadt+klangraum+heidelberg;https://www.silent-ecstatic-morning.example;kontakt@silent-ecstatic-morning.example;+49 6221 88017 1317;ja;bilder/tanz/2026-10-04-0017_silent_ecstatic_morning.png;Das fiktive Event „Silent Ecstatic Morning“ findet in Heidelberg, mit Neckarblick, Altstadtwärme und der ruhigen Weite der umliegenden Hügel statt. Bewegung, Körperpräsenz und freie Ausdruckskraft prägen den Charakter des Events. Die Beschreibung ist bewusst als realistisch klingender Demo-Content formuliert, bleibt aber vollständig erfunden und dient der Befüllung einer Web-App mit glaubwürdigen Beispieldaten. Silent Ecstatic Morning ist ein bewegter Erfahrungsraum für Präsenz, Ausdruck und achtsame Verbindung. Nach einem sanften Ankommen öffnet sich ein freier Tanzraum, in dem es keine vorgegebenen Schritte und keinen Leistungsanspruch gibt. Die Musik führt durch unterschiedliche Qualitäten von Erdung, Weite, Kraft und Stille. Besonders wichtig sind klare Grenzen, respektvoller Kontakt und die Einladung, den eigenen Körper als Kompass zu nutzen.;Fiktiver Rhein-Main-Neckar Veranstaltungskalender – Heidelberg;Die Veranstaltung wird von einem externen Veranstalter durchgeführt. Wir sind nicht Veranstalter und übernehmen keine Verantwortung für Durchführung, Inhalte, Preise, Verfügbarkeit, Änderungen, Absagen oder die Angaben des Veranstalters. Bitte prüfe aktuelle Informationen direkt beim Veranstalter.
2026-10-17-0018;Tanz der Elemente;Eine Movement-Reise durch Erde, Wasser, Feuer, Luft und Raum.;Tanz;Somatic Movement;2026-10-17;2026-10-17;18:00;21:30;Aschaffenburg;Klanghaus Pompejanum;https://maps.example/?q=klanghaus+pompejanum+aschaffenburg;https://www.tanz-der-elemente.example;kontakt@tanz-der-elemente.example;+49 6021 88018 1318;ja;bilder/tanz/2026-10-17-0018_tanz_der_elemente.png;Das fiktive Event „Tanz der Elemente“ findet in Aschaffenburg, wo Mainufer, Parkgrün und warme Sandsteinfarben eine geerdete Atmosphäre schaffen statt. Bewegung, Körperpräsenz und freie Ausdruckskraft prägen den Charakter des Events. Die Beschreibung ist bewusst als realistisch klingender Demo-Content formuliert, bleibt aber vollständig erfunden und dient der Befüllung einer Web-App mit glaubwürdigen Beispieldaten. Tanz der Elemente ist ein bewegter Erfahrungsraum für Präsenz, Ausdruck und achtsame Verbindung. Nach einem sanften Ankommen öffnet sich ein freier Tanzraum, in dem es keine vorgegebenen Schritte und keinen Leistungsanspruch gibt. Die Musik führt durch unterschiedliche Qualitäten von Erdung, Weite, Kraft und Stille. Besonders wichtig sind klare Grenzen, respektvoller Kontakt und die Einladung, den eigenen Körper als Kompass zu nutzen.;Fiktiver Rhein-Main-Neckar Veranstaltungskalender – Aschaffenburg;Die Veranstaltung wird von einem externen Veranstalter durchgeführt. Wir sind nicht Veranstalter und übernehmen keine Verantwortung für Durchführung, Inhalte, Preise, Verfügbarkeit, Änderungen, Absagen oder die Angaben des Veranstalters. Bitte prüfe aktuelle Informationen direkt beim Veranstalter.
2026-11-06-0019;Moonrise Dance Ceremony;Ein freier Tanzabend mit Mondritual, Soundscape und Integrationskreis.;Tanz;Ecstatic Dance;2026-11-06;2026-11-06;19:00;23:00;Frankfurt am Main;Studio Herzfrequenz;https://maps.example/?q=studio+herzfrequenz+frankfurt+am+main;https://www.moonrise-dance-ceremony.example;kontakt@moonrise-dance-ceremony.example;+49 69 88019 1319;ja;bilder/tanz/2026-11-06-0019_moonrise_dance_ceremony.png;Das fiktive Event „Moonrise Dance Ceremony“ findet im urbanen Rhythmus von Frankfurt am Main, nahe Mainufer und lebendiger Stadtenergie statt. Bewegung, Körperpräsenz und freie Ausdruckskraft prägen den Charakter des Events. Die Beschreibung ist bewusst als realistisch klingender Demo-Content formuliert, bleibt aber vollständig erfunden und dient der Befüllung einer Web-App mit glaubwürdigen Beispieldaten. Moonrise Dance Ceremony ist ein bewegter Erfahrungsraum für Präsenz, Ausdruck und achtsame Verbindung. Nach einem sanften Ankommen öffnet sich ein freier Tanzraum, in dem es keine vorgegebenen Schritte und keinen Leistungsanspruch gibt. Die Musik führt durch unterschiedliche Qualitäten von Erdung, Weite, Kraft und Stille. Besonders wichtig sind klare Grenzen, respektvoller Kontakt und die Einladung, den eigenen Körper als Kompass zu nutzen.;Fiktiver Rhein-Main-Neckar Veranstaltungskalender – Frankfurt am Main;Die Veranstaltung wird von einem externen Veranstalter durchgeführt. Wir sind nicht Veranstalter und übernehmen keine Verantwortung für Durchführung, Inhalte, Preise, Verfügbarkeit, Änderungen, Absagen oder die Angaben des Veranstalters. Bitte prüfe aktuelle Informationen direkt beim Veranstalter.
2026-11-21-0020;Contact & Consent Laboratory;Ein achtsames Labor für Berührung, Zustimmung und spielerische Präsenz.;Tanz;Contact Dance;2026-11-21;2026-11-21;13:00;18:00;Mainz;Mitte am Domgarten;https://maps.example/?q=mitte+am+domgarten+mainz;https://www.contact-consent-laboratory.example;kontakt@contact-consent-laboratory.example;+49 6131 88020 1320;ja;bilder/tanz/2026-11-21-0020_contact_consent_laboratory.png;Das fiktive Event „Contact & Consent Laboratory“ findet in Mainz, getragen von Rheinnähe, Altstadtwärme und einer offenen Kreisatmosphäre statt. Bewegung, Körperpräsenz und freie Ausdruckskraft prägen den Charakter des Events. Die Beschreibung ist bewusst als realistisch klingender Demo-Content formuliert, bleibt aber vollständig erfunden und dient der Befüllung einer Web-App mit glaubwürdigen Beispieldaten. Contact & Consent Laboratory ist ein bewegter Erfahrungsraum für Präsenz, Ausdruck und achtsame Verbindung. Nach einem sanften Ankommen öffnet sich ein freier Tanzraum, in dem es keine vorgegebenen Schritte und keinen Leistungsanspruch gibt. Die Musik führt durch unterschiedliche Qualitäten von Erdung, Weite, Kraft und Stille. Besonders wichtig sind klare Grenzen, respektvoller Kontakt und die Einladung, den eigenen Körper als Kompass zu nutzen.;Fiktiver Rhein-Main-Neckar Veranstaltungskalender – Mainz;Die Veranstaltung wird von einem externen Veranstalter durchgeführt. Wir sind nicht Veranstalter und übernehmen keine Verantwortung für Durchführung, Inhalte, Preise, Verfügbarkeit, Änderungen, Absagen oder die Angaben des Veranstalters. Bitte prüfe aktuelle Informationen direkt beim Veranstalter.
2026-07-12-0021;Atemkreis am Fluss;Eine sanfte Breathwork-Session für Regulation, emotionale Entlastung und neue Weite.;Heilsame Angebote;Breathwork;2026-07-12;2026-07-12;17:00;20:00;Wiesbaden;Villa Morgenruhe;https://maps.example/?q=villa+morgenruhe+wiesbaden;https://www.atemkreis-am-fluss.example;kontakt@atemkreis-am-fluss.example;+49 611 88021 1321;ja;bilder/heilsame_angebote/2026-07-12-0021_atemkreis_am_fluss.png;Das fiktive Event „Atemkreis am Fluss“ findet in Wiesbaden, inspiriert von Quellen, Kurparkruhe und sanfter Eleganz statt. Regeneration, Nervensystem, Berührung, Ritual und innere Integration bilden den roten Faden. Die Beschreibung ist bewusst als realistisch klingender Demo-Content formuliert, bleibt aber vollständig erfunden und dient der Befüllung einer Web-App mit glaubwürdigen Beispieldaten. Atemkreis am Fluss bietet einen geschützten Rahmen für Regeneration, innere Sammlung und heilsame Selbstbegegnung. Die Session verbindet achtsame Anleitung, Körperwahrnehmung, ruhige Musik und Integrationszeit. Je nach Schwerpunkt stehen Atem, Berührung, Klang, Ritual oder Naturkontakt im Vordergrund. Teilnehmende werden eingeladen, nichts zu erzwingen, sondern dem eigenen Tempo und den Signalen des Körpers mit Freundlichkeit zu folgen.;Fiktiver Rhein-Main-Neckar Veranstaltungskalender – Wiesbaden;Die Veranstaltung wird von einem externen Veranstalter durchgeführt. Wir sind nicht Veranstalter und übernehmen keine Verantwortung für Durchführung, Inhalte, Preise, Verfügbarkeit, Änderungen, Absagen oder die Angaben des Veranstalters. Bitte prüfe aktuelle Informationen direkt beim Veranstalter.
2026-07-31-0022;Kakaozeremonie: Herzraum öffnen;Ein ritueller Abend mit zeremoniellem Kakao, Meditation, Sharing und Musik.;Heilsame Angebote;Kakaozeremonie;2026-07-31;2026-07-31;18:30;22:00;Darmstadt;Raum für Verkörperung;https://maps.example/?q=raum+fur+verkorperung+darmstadt;https://www.kakaozeremonie-herzraum-oeffnen.example;kontakt@kakaozeremonie-herzraum-oeffnen.example;+49 6151 88022 1322;ja;bilder/heilsame_angebote/2026-07-31-0022_kakaozeremonie_herzraum_offnen.png;Das fiktive Event „Kakaozeremonie: Herzraum öffnen“ findet in Darmstadt, zwischen kreativer Atelierkultur, Rosenhöhe und bewusster Forschung am Menschsein statt. Regeneration, Nervensystem, Berührung, Ritual und innere Integration bilden den roten Faden. Die Beschreibung ist bewusst als realistisch klingender Demo-Content formuliert, bleibt aber vollständig erfunden und dient der Befüllung einer Web-App mit glaubwürdigen Beispieldaten. Kakaozeremonie: Herzraum öffnen bietet einen geschützten Rahmen für Regeneration, innere Sammlung und heilsame Selbstbegegnung. Die Session verbindet achtsame Anleitung, Körperwahrnehmung, ruhige Musik und Integrationszeit. Je nach Schwerpunkt stehen Atem, Berührung, Klang, Ritual oder Naturkontakt im Vordergrund. Teilnehmende werden eingeladen, nichts zu erzwingen, sondern dem eigenen Tempo und den Signalen des Körpers mit Freundlichkeit zu folgen.;Fiktiver Rhein-Main-Neckar Veranstaltungskalender – Darmstadt;Die Veranstaltung wird von einem externen Veranstalter durchgeführt. Wir sind nicht Veranstalter und übernehmen keine Verantwortung für Durchführung, Inhalte, Preise, Verfügbarkeit, Änderungen, Absagen oder die Angaben des Veranstalters. Bitte prüfe aktuelle Informationen direkt beim Veranstalter.
2026-08-14-0023;Somatische Körperarbeit: Sicher landen;Ein Abend für Erdung, Körperlauschen und sanfte Entladung von Spannung.;Heilsame Angebote;Körperarbeit;2026-08-14;2026-08-14;18:00;21:00;Heidelberg;Haus am Königstuhl;https://maps.example/?q=haus+am+konigstuhl+heidelberg;https://www.somatische-koerperarbeit-sicher-landen.example;kontakt@somatische-koerperarbeit-sicher-landen.example;+49 6221 88023 1323;ja;bilder/heilsame_angebote/2026-08-14-0023_somatische_korperarbeit_sicher_landen.png;Das fiktive Event „Somatische Körperarbeit: Sicher landen“ findet in Heidelberg, mit Neckarblick, Altstadtwärme und der ruhigen Weite der umliegenden Hügel statt. Regeneration, Nervensystem, Berührung, Ritual und innere Integration bilden den roten Faden. Die Beschreibung ist bewusst als realistisch klingender Demo-Content formuliert, bleibt aber vollständig erfunden und dient der Befüllung einer Web-App mit glaubwürdigen Beispieldaten. Somatische Körperarbeit: Sicher landen bietet einen geschützten Rahmen für Regeneration, innere Sammlung und heilsame Selbstbegegnung. Die Session verbindet achtsame Anleitung, Körperwahrnehmung, ruhige Musik und Integrationszeit. Je nach Schwerpunkt stehen Atem, Berührung, Klang, Ritual oder Naturkontakt im Vordergrund. Teilnehmende werden eingeladen, nichts zu erzwingen, sondern dem eigenen Tempo und den Signalen des Körpers mit Freundlichkeit zu folgen.;Fiktiver Rhein-Main-Neckar Veranstaltungskalender – Heidelberg;Die Veranstaltung wird von einem externen Veranstalter durchgeführt. Wir sind nicht Veranstalter und übernehmen keine Verantwortung für Durchführung, Inhalte, Preise, Verfügbarkeit, Änderungen, Absagen oder die Angaben des Veranstalters. Bitte prüfe aktuelle Informationen direkt beim Veranstalter.
2026-09-05-0024;Klangbad unter Sternen;Eine tiefe Sound-Journey mit Gongs, Kristallschalen und stiller Integration.;Heilsame Angebote;Klangbad;2026-09-05;2026-09-05;20:00;22:00;Aschaffenburg;Studio Stiftsberg;https://maps.example/?q=studio+stiftsberg+aschaffenburg;https://www.klangbad-unter-sternen.example;kontakt@klangbad-unter-sternen.example;+49 6021 88024 1324;empfohlen;bilder/heilsame_angebote/2026-09-05-0024_klangbad_unter_sternen.png;Das fiktive Event „Klangbad unter Sternen“ findet in Aschaffenburg, wo Mainufer, Parkgrün und warme Sandsteinfarben eine geerdete Atmosphäre schaffen statt. Regeneration, Nervensystem, Berührung, Ritual und innere Integration bilden den roten Faden. Die Beschreibung ist bewusst als realistisch klingender Demo-Content formuliert, bleibt aber vollständig erfunden und dient der Befüllung einer Web-App mit glaubwürdigen Beispieldaten. Klangbad unter Sternen bietet einen geschützten Rahmen für Regeneration, innere Sammlung und heilsame Selbstbegegnung. Die Session verbindet achtsame Anleitung, Körperwahrnehmung, ruhige Musik und Integrationszeit. Je nach Schwerpunkt stehen Atem, Berührung, Klang, Ritual oder Naturkontakt im Vordergrund. Teilnehmende werden eingeladen, nichts zu erzwingen, sondern dem eigenen Tempo und den Signalen des Körpers mit Freundlichkeit zu folgen.;Fiktiver Rhein-Main-Neckar Veranstaltungskalender – Aschaffenburg;Die Veranstaltung wird von einem externen Veranstalter durchgeführt. Wir sind nicht Veranstalter und übernehmen keine Verantwortung für Durchführung, Inhalte, Preise, Verfügbarkeit, Änderungen, Absagen oder die Angaben des Veranstalters. Bitte prüfe aktuelle Informationen direkt beim Veranstalter.
2026-09-20-0025;Waldritual für innere Ruhe;Eine Naturzeit mit achtsamem Gehen, Ritualimpulsen und stiller Waldmeditation.;Heilsame Angebote;Natur;2026-09-20;2026-09-20;10:00;14:00;Frankfurt am Main;Saal der stillen Mitte;https://maps.example/?q=saal+der+stillen+mitte+frankfurt+am+main;https://www.waldritual-fuer-innere-ruhe.example;kontakt@waldritual-fuer-innere-ruhe.example;+49 69 88025 1325;ja;bilder/heilsame_angebote/2026-09-20-0025_waldritual_fur_innere_ruhe.png;Das fiktive Event „Waldritual für innere Ruhe“ findet im urbanen Rhythmus von Frankfurt am Main, nahe Mainufer und lebendiger Stadtenergie statt. Regeneration, Nervensystem, Berührung, Ritual und innere Integration bilden den roten Faden. Die Beschreibung ist bewusst als realistisch klingender Demo-Content formuliert, bleibt aber vollständig erfunden und dient der Befüllung einer Web-App mit glaubwürdigen Beispieldaten. Waldritual für innere Ruhe bietet einen geschützten Rahmen für Regeneration, innere Sammlung und heilsame Selbstbegegnung. Die Session verbindet achtsame Anleitung, Körperwahrnehmung, ruhige Musik und Integrationszeit. Je nach Schwerpunkt stehen Atem, Berührung, Klang, Ritual oder Naturkontakt im Vordergrund. Teilnehmende werden eingeladen, nichts zu erzwingen, sondern dem eigenen Tempo und den Signalen des Körpers mit Freundlichkeit zu folgen.;Fiktiver Rhein-Main-Neckar Veranstaltungskalender – Frankfurt am Main;Die Veranstaltung wird von einem externen Veranstalter durchgeführt. Wir sind nicht Veranstalter und übernehmen keine Verantwortung für Durchführung, Inhalte, Preise, Verfügbarkeit, Änderungen, Absagen oder die Angaben des Veranstalters. Bitte prüfe aktuelle Informationen direkt beim Veranstalter.
2026-10-03-0026;Thai Yoga Massage Einführung;Ein achtsamer Workshop zu Berührungsqualität, Dehnung und respektvollem Kontakt.;Heilsame Angebote;Massage;2026-10-03;2026-10-03;10:00;16:00;Mainz;Atemhaus Neustadt;https://maps.example/?q=atemhaus+neustadt+mainz;https://www.thai-yoga-massage-einfuehrung.example;kontakt@thai-yoga-massage-einfuehrung.example;+49 6131 88026 1326;ja;bilder/heilsame_angebote/2026-10-03-0026_thai_yoga_massage_einfuhrung.png;Das fiktive Event „Thai Yoga Massage Einführung“ findet in Mainz, getragen von Rheinnähe, Altstadtwärme und einer offenen Kreisatmosphäre statt. Regeneration, Nervensystem, Berührung, Ritual und innere Integration bilden den roten Faden. Die Beschreibung ist bewusst als realistisch klingender Demo-Content formuliert, bleibt aber vollständig erfunden und dient der Befüllung einer Web-App mit glaubwürdigen Beispieldaten. Thai Yoga Massage Einführung bietet einen geschützten Rahmen für Regeneration, innere Sammlung und heilsame Selbstbegegnung. Die Session verbindet achtsame Anleitung, Körperwahrnehmung, ruhige Musik und Integrationszeit. Je nach Schwerpunkt stehen Atem, Berührung, Klang, Ritual oder Naturkontakt im Vordergrund. Teilnehmende werden eingeladen, nichts zu erzwingen, sondern dem eigenen Tempo und den Signalen des Körpers mit Freundlichkeit zu folgen.;Fiktiver Rhein-Main-Neckar Veranstaltungskalender – Mainz;Die Veranstaltung wird von einem externen Veranstalter durchgeführt. Wir sind nicht Veranstalter und übernehmen keine Verantwortung für Durchführung, Inhalte, Preise, Verfügbarkeit, Änderungen, Absagen oder die Angaben des Veranstalters. Bitte prüfe aktuelle Informationen direkt beim Veranstalter.
2026-11-29-0027;Rauhnacht-Vorbereitung: Intention und Reinigung;Ein Ritualabend zur Vorbereitung der dunklen Jahreszeit mit Räucherwerk und Journaling.;Heilsame Angebote;Zeremonie;2026-11-29;2026-11-29;17:00;21:00;Wiesbaden;Studio Nerotal;https://maps.example/?q=studio+nerotal+wiesbaden;https://www.rauhnacht-vorbereitung-intention-und-reinigung.example;kontakt@rauhnacht-vorbereitung-intention-und-reinigung.example;+49 611 88027 1327;ja;bilder/heilsame_angebote/2026-11-29-0027_rauhnacht_vorbereitung_intention_und_reinigung.png;Das fiktive Event „Rauhnacht-Vorbereitung: Intention und Reinigung“ findet in Wiesbaden, inspiriert von Quellen, Kurparkruhe und sanfter Eleganz statt. Regeneration, Nervensystem, Berührung, Ritual und innere Integration bilden den roten Faden. Die Beschreibung ist bewusst als realistisch klingender Demo-Content formuliert, bleibt aber vollständig erfunden und dient der Befüllung einer Web-App mit glaubwürdigen Beispieldaten. Rauhnacht-Vorbereitung: Intention und Reinigung bietet einen geschützten Rahmen für Regeneration, innere Sammlung und heilsame Selbstbegegnung. Die Session verbindet achtsame Anleitung, Körperwahrnehmung, ruhige Musik und Integrationszeit. Je nach Schwerpunkt stehen Atem, Berührung, Klang, Ritual oder Naturkontakt im Vordergrund. Teilnehmende werden eingeladen, nichts zu erzwingen, sondern dem eigenen Tempo und den Signalen des Körpers mit Freundlichkeit zu folgen.;Fiktiver Rhein-Main-Neckar Veranstaltungskalender – Wiesbaden;Die Veranstaltung wird von einem externen Veranstalter durchgeführt. Wir sind nicht Veranstalter und übernehmen keine Verantwortung für Durchführung, Inhalte, Preise, Verfügbarkeit, Änderungen, Absagen oder die Angaben des Veranstalters. Bitte prüfe aktuelle Informationen direkt beim Veranstalter.
2026-12-05-0028;Transformational Breathwork: Mut & Weichheit;Eine intensive Atemreise mit Körperarbeit, Musik und sorgsamer Nachintegration.;Heilsame Angebote;Breathwork;2026-12-05;2026-12-05;15:00;19:00;Darmstadt;Lernhaus Lichtwiese;https://maps.example/?q=lernhaus+lichtwiese+darmstadt;https://www.transformational-breathwork-mut-weichheit.example;kontakt@transformational-breathwork-mut-weichheit.example;+49 6151 88028 1328;ja;bilder/heilsame_angebote/2026-12-05-0028_transformational_breathwork_mut_weichheit.png;Das fiktive Event „Transformational Breathwork: Mut & Weichheit“ findet in Darmstadt, zwischen kreativer Atelierkultur, Rosenhöhe und bewusster Forschung am Menschsein statt. Regeneration, Nervensystem, Berührung, Ritual und innere Integration bilden den roten Faden. Die Beschreibung ist bewusst als realistisch klingender Demo-Content formuliert, bleibt aber vollständig erfunden und dient der Befüllung einer Web-App mit glaubwürdigen Beispieldaten. Transformational Breathwork: Mut & Weichheit bietet einen geschützten Rahmen für Regeneration, innere Sammlung und heilsame Selbstbegegnung. Die Session verbindet achtsame Anleitung, Körperwahrnehmung, ruhige Musik und Integrationszeit. Je nach Schwerpunkt stehen Atem, Berührung, Klang, Ritual oder Naturkontakt im Vordergrund. Teilnehmende werden eingeladen, nichts zu erzwingen, sondern dem eigenen Tempo und den Signalen des Körpers mit Freundlichkeit zu folgen.;Fiktiver Rhein-Main-Neckar Veranstaltungskalender – Darmstadt;Die Veranstaltung wird von einem externen Veranstalter durchgeführt. Wir sind nicht Veranstalter und übernehmen keine Verantwortung für Durchführung, Inhalte, Preise, Verfügbarkeit, Änderungen, Absagen oder die Angaben des Veranstalters. Bitte prüfe aktuelle Informationen direkt beim Veranstalter.
2027-01-16-0029;Reiki Share & Healing Circle;Ein offener Heilkreis für Reiki-Praktizierende und neugierige Menschen.;Heilsame Angebote;Energiearbeit;2027-01-16;2027-01-16;18:00;21:00;Heidelberg;Raum für Fluss und Stille;https://maps.example/?q=raum+fur+fluss+und+stille+heidelberg;https://www.reiki-share-healing-circle.example;kontakt@reiki-share-healing-circle.example;+49 6221 88029 1329;empfohlen;bilder/heilsame_angebote/2027-01-16-0029_reiki_share_healing_circle.png;Das fiktive Event „Reiki Share & Healing Circle“ findet in Heidelberg, mit Neckarblick, Altstadtwärme und der ruhigen Weite der umliegenden Hügel statt. Regeneration, Nervensystem, Berührung, Ritual und innere Integration bilden den roten Faden. Die Beschreibung ist bewusst als realistisch klingender Demo-Content formuliert, bleibt aber vollständig erfunden und dient der Befüllung einer Web-App mit glaubwürdigen Beispieldaten. Reiki Share & Healing Circle bietet einen geschützten Rahmen für Regeneration, innere Sammlung und heilsame Selbstbegegnung. Die Session verbindet achtsame Anleitung, Körperwahrnehmung, ruhige Musik und Integrationszeit. Je nach Schwerpunkt stehen Atem, Berührung, Klang, Ritual oder Naturkontakt im Vordergrund. Teilnehmende werden eingeladen, nichts zu erzwingen, sondern dem eigenen Tempo und den Signalen des Körpers mit Freundlichkeit zu folgen.;Fiktiver Rhein-Main-Neckar Veranstaltungskalender – Heidelberg;Die Veranstaltung wird von einem externen Veranstalter durchgeführt. Wir sind nicht Veranstalter und übernehmen keine Verantwortung für Durchführung, Inhalte, Preise, Verfügbarkeit, Änderungen, Absagen oder die Angaben des Veranstalters. Bitte prüfe aktuelle Informationen direkt beim Veranstalter.
2027-02-06-0030;Yin Yoga & Faszien Release;Eine langsame Praxis für tiefe Entspannung, Faszienpflege und innere Sammlung.;Heilsame Angebote;Bewegung;2027-02-06;2027-02-06;17:00;20:00;Aschaffenburg;Seminarraum Morgenmain;https://maps.example/?q=seminarraum+morgenmain+aschaffenburg;https://www.yin-yoga-faszien-release.example;kontakt@yin-yoga-faszien-release.example;+49 6021 88030 1330;ja;bilder/heilsame_angebote/2027-02-06-0030_yin_yoga_faszien_release.png;Das fiktive Event „Yin Yoga & Faszien Release“ findet in Aschaffenburg, wo Mainufer, Parkgrün und warme Sandsteinfarben eine geerdete Atmosphäre schaffen statt. Regeneration, Nervensystem, Berührung, Ritual und innere Integration bilden den roten Faden. Die Beschreibung ist bewusst als realistisch klingender Demo-Content formuliert, bleibt aber vollständig erfunden und dient der Befüllung einer Web-App mit glaubwürdigen Beispieldaten. Yin Yoga & Faszien Release bietet einen geschützten Rahmen für Regeneration, innere Sammlung und heilsame Selbstbegegnung. Die Session verbindet achtsame Anleitung, Körperwahrnehmung, ruhige Musik und Integrationszeit. Je nach Schwerpunkt stehen Atem, Berührung, Klang, Ritual oder Naturkontakt im Vordergrund. Teilnehmende werden eingeladen, nichts zu erzwingen, sondern dem eigenen Tempo und den Signalen des Körpers mit Freundlichkeit zu folgen.;Fiktiver Rhein-Main-Neckar Veranstaltungskalender – Aschaffenburg;Die Veranstaltung wird von einem externen Veranstalter durchgeführt. Wir sind nicht Veranstalter und übernehmen keine Verantwortung für Durchführung, Inhalte, Preise, Verfügbarkeit, Änderungen, Absagen oder die Angaben des Veranstalters. Bitte prüfe aktuelle Informationen direkt beim Veranstalter.
2026-07-18-0031;Mantra Singkreis: Stimmen des Herzens;Ein gemeinsamer Singkreis mit einfachen Mantras, Harmonien und stillen Momenten.;Singen & Musik;Singkreis;2026-07-18;2026-07-18;19:00;21:30;Frankfurt am Main;Mainraum Studio;https://maps.example/?q=mainraum+studio+frankfurt+am+main;https://www.mantra-singkreis-stimmen-des-herzens.example;kontakt@mantra-singkreis-stimmen-des-herzens.example;+49 69 88031 1331;empfohlen;bilder/singen_musik/2026-07-18-0031_mantra_singkreis_stimmen_des_herzens.png;"Das fiktive Event „Mantra Singkreis: Stimmen des Herzens“ findet im urbanen Rhythmus von Frankfurt am Main, nahe Mainufer und lebendiger Stadtenergie statt. Stimme, Resonanz, gemeinsames Lauschen und musikalische Verbundenheit tragen die Erfahrung. Die Beschreibung ist bewusst als realistisch klingender Demo-Content formuliert, bleibt aber vollständig erfunden und dient der Befüllung einer Web-App mit glaubwürdigen Beispieldaten. Mantra Singkreis: Stimmen des Herzens öffnet einen warmen Klangraum, in dem Stimme, Resonanz und Gemeinschaft im Mittelpunkt stehen. Vorkenntnisse sind nicht erforderlich; einfache Melodien, Mantras oder improvisierte Klangflächen ermöglichen ein natürliches Hineinfinden. Zwischen den musikalischen Sequenzen gibt es stille Momente zum Nachspüren. Das Event eignet sich für Menschen, die über Musik in Kontakt mit sich selbst, mit anderen und mit einer tieferen Qualität von Präsenz kommen möchten.";Fiktiver Rhein-Main-Neckar Veranstaltungskalender – Frankfurt am Main;Die Veranstaltung wird von einem externen Veranstalter durchgeführt. Wir sind nicht Veranstalter und übernehmen keine Verantwortung für Durchführung, Inhalte, Preise, Verfügbarkeit, Änderungen, Absagen oder die Angaben des Veranstalters. Bitte prüfe aktuelle Informationen direkt beim Veranstalter.
2026-08-08-0032;Medicine Music Abend mit Liora & Friends;Ein intimes akustisches Konzert mit Gitarre, Harmonium, Rahmentrommel und Gesang.;Singen & Musik;Konzert;2026-08-08;2026-08-08;20:00;22:15;Mainz;Rheinlicht Raum;https://maps.example/?q=rheinlicht+raum+mainz;https://www.medicine-music-abend-mit-liora-friends.example;kontakt@medicine-music-abend-mit-liora-friends.example;+49 6131 88032 1332;ja;bilder/singen_musik/2026-08-08-0032_medicine_music_abend_mit_liora_friends.png;"Das fiktive Event „Medicine Music Abend mit Liora & Friends“ findet in Mainz, getragen von Rheinnähe, Altstadtwärme und einer offenen Kreisatmosphäre statt. Stimme, Resonanz, gemeinsames Lauschen und musikalische Verbundenheit tragen die Erfahrung. Die Beschreibung ist bewusst als realistisch klingender Demo-Content formuliert, bleibt aber vollständig erfunden und dient der Befüllung einer Web-App mit glaubwürdigen Beispieldaten. Medicine Music Abend mit Liora & Friends öffnet einen warmen Klangraum, in dem Stimme, Resonanz und Gemeinschaft im Mittelpunkt stehen. Vorkenntnisse sind nicht erforderlich; einfache Melodien, Mantras oder improvisierte Klangflächen ermöglichen ein natürliches Hineinfinden. Zwischen den musikalischen Sequenzen gibt es stille Momente zum Nachspüren. Das Event eignet sich für Menschen, die über Musik in Kontakt mit sich selbst, mit anderen und mit einer tieferen Qualität von Präsenz kommen möchten.";Fiktiver Rhein-Main-Neckar Veranstaltungskalender – Mainz;Die Veranstaltung wird von einem externen Veranstalter durchgeführt. Wir sind nicht Veranstalter und übernehmen keine Verantwortung für Durchführung, Inhalte, Preise, Verfügbarkeit, Änderungen, Absagen oder die Angaben des Veranstalters. Bitte prüfe aktuelle Informationen direkt beim Veranstalter.
2026-08-21-0033;Sound Journey: Golden Silence;Eine liegende Klangreise mit Stimme, Monochord, Klangschalen und feinen Obertönen.;Singen & Musik;Klangreise;2026-08-21;2026-08-21;19:30;21:30;Wiesbaden;Quellenhaus Mitte;https://maps.example/?q=quellenhaus+mitte+wiesbaden;https://www.sound-journey-golden-silence.example;kontakt@sound-journey-golden-silence.example;+49 611 88033 1333;ja;bilder/singen_musik/2026-08-21-0033_sound_journey_golden_silence.png;"Das fiktive Event „Sound Journey: Golden Silence“ findet in Wiesbaden, inspiriert von Quellen, Kurparkruhe und sanfter Eleganz statt. Stimme, Resonanz, gemeinsames Lauschen und musikalische Verbundenheit tragen die Erfahrung. Die Beschreibung ist bewusst als realistisch klingender Demo-Content formuliert, bleibt aber vollständig erfunden und dient der Befüllung einer Web-App mit glaubwürdigen Beispieldaten. Sound Journey: Golden Silence öffnet einen warmen Klangraum, in dem Stimme, Resonanz und Gemeinschaft im Mittelpunkt stehen. Vorkenntnisse sind nicht erforderlich; einfache Melodien, Mantras oder improvisierte Klangflächen ermöglichen ein natürliches Hineinfinden. Zwischen den musikalischen Sequenzen gibt es stille Momente zum Nachspüren. Das Event eignet sich für Menschen, die über Musik in Kontakt mit sich selbst, mit anderen und mit einer tieferen Qualität von Präsenz kommen möchten.";Fiktiver Rhein-Main-Neckar Veranstaltungskalender – Wiesbaden;Die Veranstaltung wird von einem externen Veranstalter durchgeführt. Wir sind nicht Veranstalter und übernehmen keine Verantwortung für Durchführung, Inhalte, Preise, Verfügbarkeit, Änderungen, Absagen oder die Angaben des Veranstalters. Bitte prüfe aktuelle Informationen direkt beim Veranstalter.
2026-09-12-0034;Circle Singing im Kerzenschein;Ein improvisierter Singabend für mehrstimmige Kreise, Rhythmus und spontane Melodien.;Singen & Musik;Singkreis;2026-09-12;2026-09-12;18:30;21:30;Darmstadt;Mathildenraum;https://maps.example/?q=mathildenraum+darmstadt;https://www.circle-singing-im-kerzenschein.example;kontakt@circle-singing-im-kerzenschein.example;+49 6151 88034 1334;empfohlen;bilder/singen_musik/2026-09-12-0034_circle_singing_im_kerzenschein.png;"Das fiktive Event „Circle Singing im Kerzenschein“ findet in Darmstadt, zwischen kreativer Atelierkultur, Rosenhöhe und bewusster Forschung am Menschsein statt. Stimme, Resonanz, gemeinsames Lauschen und musikalische Verbundenheit tragen die Erfahrung. Die Beschreibung ist bewusst als realistisch klingender Demo-Content formuliert, bleibt aber vollständig erfunden und dient der Befüllung einer Web-App mit glaubwürdigen Beispieldaten. Circle Singing im Kerzenschein öffnet einen warmen Klangraum, in dem Stimme, Resonanz und Gemeinschaft im Mittelpunkt stehen. Vorkenntnisse sind nicht erforderlich; einfache Melodien, Mantras oder improvisierte Klangflächen ermöglichen ein natürliches Hineinfinden. Zwischen den musikalischen Sequenzen gibt es stille Momente zum Nachspüren. Das Event eignet sich für Menschen, die über Musik in Kontakt mit sich selbst, mit anderen und mit einer tieferen Qualität von Präsenz kommen möchten.";Fiktiver Rhein-Main-Neckar Veranstaltungskalender – Darmstadt;Die Veranstaltung wird von einem externen Veranstalter durchgeführt. Wir sind nicht Veranstalter und übernehmen keine Verantwortung für Durchführung, Inhalte, Preise, Verfügbarkeit, Änderungen, Absagen oder die Angaben des Veranstalters. Bitte prüfe aktuelle Informationen direkt beim Veranstalter.
2026-10-02-0035;Klangkonzert: Wasser, Stimme, Licht;Ein meditatives Konzert mit Waterphone, Stimme, Harfe und sphärischen Klangflächen.;Singen & Musik;Konzert;2026-10-02;2026-10-02;20:00;22:00;Heidelberg;Neckarlicht Studio;https://maps.example/?q=neckarlicht+studio+heidelberg;https://www.klangkonzert-wasser-stimme-licht.example;kontakt@klangkonzert-wasser-stimme-licht.example;+49 6221 88035 1335;ja;bilder/singen_musik/2026-10-02-0035_klangkonzert_wasser_stimme_licht.png;"Das fiktive Event „Klangkonzert: Wasser, Stimme, Licht“ findet in Heidelberg, mit Neckarblick, Altstadtwärme und der ruhigen Weite der umliegenden Hügel statt. Stimme, Resonanz, gemeinsames Lauschen und musikalische Verbundenheit tragen die Erfahrung. Die Beschreibung ist bewusst als realistisch klingender Demo-Content formuliert, bleibt aber vollständig erfunden und dient der Befüllung einer Web-App mit glaubwürdigen Beispieldaten. Klangkonzert: Wasser, Stimme, Licht öffnet einen warmen Klangraum, in dem Stimme, Resonanz und Gemeinschaft im Mittelpunkt stehen. Vorkenntnisse sind nicht erforderlich; einfache Melodien, Mantras oder improvisierte Klangflächen ermöglichen ein natürliches Hineinfinden. Zwischen den musikalischen Sequenzen gibt es stille Momente zum Nachspüren. Das Event eignet sich für Menschen, die über Musik in Kontakt mit sich selbst, mit anderen und mit einer tieferen Qualität von Präsenz kommen möchten.";Fiktiver Rhein-Main-Neckar Veranstaltungskalender – Heidelberg;Die Veranstaltung wird von einem externen Veranstalter durchgeführt. Wir sind nicht Veranstalter und übernehmen keine Verantwortung für Durchführung, Inhalte, Preise, Verfügbarkeit, Änderungen, Absagen oder die Angaben des Veranstalters. Bitte prüfe aktuelle Informationen direkt beim Veranstalter.
2026-10-18-0036;Frauenstimmen Kreis: Weichheit und Kraft;Ein geschützter Singkreis für intuitive Stimme, Körperklang und gemeinsames Lauschen.;Singen & Musik;Singkreis;2026-10-18;2026-10-18;16:00;19:00;Aschaffenburg;Mainbogen Atelier;https://maps.example/?q=mainbogen+atelier+aschaffenburg;https://www.frauenstimmen-kreis-weichheit-und-kraft.example;kontakt@frauenstimmen-kreis-weichheit-und-kraft.example;+49 6021 88036 1336;ja;bilder/singen_musik/2026-10-18-0036_frauenstimmen_kreis_weichheit_und_kraft.png;"Das fiktive Event „Frauenstimmen Kreis: Weichheit und Kraft“ findet in Aschaffenburg, wo Mainufer, Parkgrün und warme Sandsteinfarben eine geerdete Atmosphäre schaffen statt. Stimme, Resonanz, gemeinsames Lauschen und musikalische Verbundenheit tragen die Erfahrung. Die Beschreibung ist bewusst als realistisch klingender Demo-Content formuliert, bleibt aber vollständig erfunden und dient der Befüllung einer Web-App mit glaubwürdigen Beispieldaten. Frauenstimmen Kreis: Weichheit und Kraft öffnet einen warmen Klangraum, in dem Stimme, Resonanz und Gemeinschaft im Mittelpunkt stehen. Vorkenntnisse sind nicht erforderlich; einfache Melodien, Mantras oder improvisierte Klangflächen ermöglichen ein natürliches Hineinfinden. Zwischen den musikalischen Sequenzen gibt es stille Momente zum Nachspüren. Das Event eignet sich für Menschen, die über Musik in Kontakt mit sich selbst, mit anderen und mit einer tieferen Qualität von Präsenz kommen möchten.";Fiktiver Rhein-Main-Neckar Veranstaltungskalender – Aschaffenburg;Die Veranstaltung wird von einem externen Veranstalter durchgeführt. Wir sind nicht Veranstalter und übernehmen keine Verantwortung für Durchführung, Inhalte, Preise, Verfügbarkeit, Änderungen, Absagen oder die Angaben des Veranstalters. Bitte prüfe aktuelle Informationen direkt beim Veranstalter.
2026-11-14-0037;Gong & Voice Deep Rest;Ein regenerativer Klangabend mit Gongs, Obertongesang und ruhiger Integration.;Singen & Musik;Klangbad;2026-11-14;2026-11-14;19:00;21:00;Frankfurt am Main;Atelier Lichtbogen;https://maps.example/?q=atelier+lichtbogen+frankfurt+am+main;https://www.gong-voice-deep-rest.example;kontakt@gong-voice-deep-rest.example;+49 69 88037 1337;ja;bilder/singen_musik/2026-11-14-0037_gong_voice_deep_rest.png;"Das fiktive Event „Gong & Voice Deep Rest“ findet im urbanen Rhythmus von Frankfurt am Main, nahe Mainufer und lebendiger Stadtenergie statt. Stimme, Resonanz, gemeinsames Lauschen und musikalische Verbundenheit tragen die Erfahrung. Die Beschreibung ist bewusst als realistisch klingender Demo-Content formuliert, bleibt aber vollständig erfunden und dient der Befüllung einer Web-App mit glaubwürdigen Beispieldaten. Gong & Voice Deep Rest öffnet einen warmen Klangraum, in dem Stimme, Resonanz und Gemeinschaft im Mittelpunkt stehen. Vorkenntnisse sind nicht erforderlich; einfache Melodien, Mantras oder improvisierte Klangflächen ermöglichen ein natürliches Hineinfinden. Zwischen den musikalischen Sequenzen gibt es stille Momente zum Nachspüren. Das Event eignet sich für Menschen, die über Musik in Kontakt mit sich selbst, mit anderen und mit einer tieferen Qualität von Präsenz kommen möchten.";Fiktiver Rhein-Main-Neckar Veranstaltungskalender – Frankfurt am Main;Die Veranstaltung wird von einem externen Veranstalter durchgeführt. Wir sind nicht Veranstalter und übernehmen keine Verantwortung für Durchführung, Inhalte, Preise, Verfügbarkeit, Änderungen, Absagen oder die Angaben des Veranstalters. Bitte prüfe aktuelle Informationen direkt beim Veranstalter.
2026-11-22-0038;Herbstlieder und Seelenklänge;Ein saisonaler Singkreis mit Liedern aus verschiedenen Traditionen und freier Improvisation.;Singen & Musik;Singkreis;2026-11-22;2026-11-22;17:00;20:00;Mainz;Hof der leisen Töne;https://maps.example/?q=hof+der+leisen+tone+mainz;https://www.herbstlieder-und-seelenklaenge.example;kontakt@herbstlieder-und-seelenklaenge.example;+49 6131 88038 1338;nein;bilder/singen_musik/2026-11-22-0038_herbstlieder_und_seelenklange.png;"Das fiktive Event „Herbstlieder und Seelenklänge“ findet in Mainz, getragen von Rheinnähe, Altstadtwärme und einer offenen Kreisatmosphäre statt. Stimme, Resonanz, gemeinsames Lauschen und musikalische Verbundenheit tragen die Erfahrung. Die Beschreibung ist bewusst als realistisch klingender Demo-Content formuliert, bleibt aber vollständig erfunden und dient der Befüllung einer Web-App mit glaubwürdigen Beispieldaten. Herbstlieder und Seelenklänge öffnet einen warmen Klangraum, in dem Stimme, Resonanz und Gemeinschaft im Mittelpunkt stehen. Vorkenntnisse sind nicht erforderlich; einfache Melodien, Mantras oder improvisierte Klangflächen ermöglichen ein natürliches Hineinfinden. Zwischen den musikalischen Sequenzen gibt es stille Momente zum Nachspüren. Das Event eignet sich für Menschen, die über Musik in Kontakt mit sich selbst, mit anderen und mit einer tieferen Qualität von Präsenz kommen möchten.";Fiktiver Rhein-Main-Neckar Veranstaltungskalender – Mainz;Die Veranstaltung wird von einem externen Veranstalter durchgeführt. Wir sind nicht Veranstalter und übernehmen keine Verantwortung für Durchführung, Inhalte, Preise, Verfügbarkeit, Änderungen, Absagen oder die Angaben des Veranstalters. Bitte prüfe aktuelle Informationen direkt beim Veranstalter.
2027-01-23-0039;Sacred Strings: Harfe und Handpan;Ein ruhiges Healing-Konzert mit Harfe, Handpan und poetischen Zwischenräumen.;Singen & Musik;Konzert;2027-01-23;2027-01-23;19:30;21:30;Wiesbaden;Salon Sonnenberg;https://maps.example/?q=salon+sonnenberg+wiesbaden;https://www.sacred-strings-harfe-und-handpan.example;kontakt@sacred-strings-harfe-und-handpan.example;+49 611 88039 1339;ja;bilder/singen_musik/2027-01-23-0039_sacred_strings_harfe_und_handpan.png;"Das fiktive Event „Sacred Strings: Harfe und Handpan“ findet in Wiesbaden, inspiriert von Quellen, Kurparkruhe und sanfter Eleganz statt. Stimme, Resonanz, gemeinsames Lauschen und musikalische Verbundenheit tragen die Erfahrung. Die Beschreibung ist bewusst als realistisch klingender Demo-Content formuliert, bleibt aber vollständig erfunden und dient der Befüllung einer Web-App mit glaubwürdigen Beispieldaten. Sacred Strings: Harfe und Handpan öffnet einen warmen Klangraum, in dem Stimme, Resonanz und Gemeinschaft im Mittelpunkt stehen. Vorkenntnisse sind nicht erforderlich; einfache Melodien, Mantras oder improvisierte Klangflächen ermöglichen ein natürliches Hineinfinden. Zwischen den musikalischen Sequenzen gibt es stille Momente zum Nachspüren. Das Event eignet sich für Menschen, die über Musik in Kontakt mit sich selbst, mit anderen und mit einer tieferen Qualität von Präsenz kommen möchten.";Fiktiver Rhein-Main-Neckar Veranstaltungskalender – Wiesbaden;Die Veranstaltung wird von einem externen Veranstalter durchgeführt. Wir sind nicht Veranstalter und übernehmen keine Verantwortung für Durchführung, Inhalte, Preise, Verfügbarkeit, Änderungen, Absagen oder die Angaben des Veranstalters. Bitte prüfe aktuelle Informationen direkt beim Veranstalter.
2027-01-30-0040;Neujahrs-Mantras für klare Ausrichtung;Ein Singabend für Intention, Neubeginn und stärkende Gemeinschaft.;Singen & Musik;Singkreis;2027-01-30;2027-01-30;18:00;20:30;Darmstadt;Atelier Waldspirale;https://maps.example/?q=atelier+waldspirale+darmstadt;https://www.neujahrs-mantras-fuer-klare-ausrichtung.example;kontakt@neujahrs-mantras-fuer-klare-ausrichtung.example;+49 6151 88040 1340;empfohlen;bilder/singen_musik/2027-01-30-0040_neujahrs_mantras_fur_klare_ausrichtung.png;"Das fiktive Event „Neujahrs-Mantras für klare Ausrichtung“ findet in Darmstadt, zwischen kreativer Atelierkultur, Rosenhöhe und bewusster Forschung am Menschsein statt. Stimme, Resonanz, gemeinsames Lauschen und musikalische Verbundenheit tragen die Erfahrung. Die Beschreibung ist bewusst als realistisch klingender Demo-Content formuliert, bleibt aber vollständig erfunden und dient der Befüllung einer Web-App mit glaubwürdigen Beispieldaten. Neujahrs-Mantras für klare Ausrichtung öffnet einen warmen Klangraum, in dem Stimme, Resonanz und Gemeinschaft im Mittelpunkt stehen. Vorkenntnisse sind nicht erforderlich; einfache Melodien, Mantras oder improvisierte Klangflächen ermöglichen ein natürliches Hineinfinden. Zwischen den musikalischen Sequenzen gibt es stille Momente zum Nachspüren. Das Event eignet sich für Menschen, die über Musik in Kontakt mit sich selbst, mit anderen und mit einer tieferen Qualität von Präsenz kommen möchten.";Fiktiver Rhein-Main-Neckar Veranstaltungskalender – Darmstadt;Die Veranstaltung wird von einem externen Veranstalter durchgeführt. Wir sind nicht Veranstalter und übernehmen keine Verantwortung für Durchführung, Inhalte, Preise, Verfügbarkeit, Änderungen, Absagen oder die Angaben des Veranstalters. Bitte prüfe aktuelle Informationen direkt beim Veranstalter.
2026-07-24-0041;Stille & Atem Retreat am See;Ein dreitägiges Retreat mit Meditation, Breathwork, Naturzeit und achtsamer Integration.;Mehrtägige Events;Retreat;2026-07-24;2026-07-26;16:00;14:00;Heidelberg;Seminarhaus Philosophenweg;https://maps.example/?q=seminarhaus+philosophenweg+heidelberg;https://www.stille-atem-retreat-am-see.example;kontakt@stille-atem-retreat-am-see.example;+49 6221 88041 1341;ja;bilder/mehrtaegige_events/2026-07-24-0041_stille_atem_retreat_am_see.png;Das fiktive Event „Stille & Atem Retreat am See“ findet in Heidelberg, mit Neckarblick, Altstadtwärme und der ruhigen Weite der umliegenden Hügel statt. Mehrere Tage geben Raum für Vertiefung, Gemeinschaft, Integration und bewusste Ausrichtung. Die Beschreibung ist bewusst als realistisch klingender Demo-Content formuliert, bleibt aber vollständig erfunden und dient der Befüllung einer Web-App mit glaubwürdigen Beispieldaten. Stille & Atem Retreat am See ist als mehrtägiger Erfahrungsraum konzipiert und verbindet Praxis, Gemeinschaft und bewusste Erholung. Das Programm umfasst je nach Tagesstruktur Meditation, Bewegung, Sharing, Naturzeit, Musik, Ritual und Integrationsphasen. Die längere Dauer ermöglicht ein tieferes Eintauchen und ein nachhaltigeres Verankern neuer Erfahrungen. Der Rahmen bleibt bewusst fiktiv, beschreibt aber realistische Anforderungen an Anmeldung, Anreise, Übernachtung und Selbstverantwortung.;Fiktiver Rhein-Main-Neckar Veranstaltungskalender – Heidelberg;Die Veranstaltung wird von einem externen Veranstalter durchgeführt. Wir sind nicht Veranstalter und übernehmen keine Verantwortung für Durchführung, Inhalte, Preise, Verfügbarkeit, Änderungen, Absagen oder die Angaben des Veranstalters. Bitte prüfe aktuelle Informationen direkt beim Veranstalter.
2026-08-13-0042;Conscious Summer Gathering;Ein kleines Sommerfestival mit Musik, Workshops, Tanz, Heilräumen und Gemeinschaft.;Mehrtägige Events;Festival;2026-08-13;2026-08-16;15:00;16:00;Aschaffenburg;Schöntal Raum;https://maps.example/?q=schontal+raum+aschaffenburg;https://www.conscious-summer-gathering.example;kontakt@conscious-summer-gathering.example;+49 6021 88042 1342;ja;bilder/mehrtaegige_events/2026-08-13-0042_conscious_summer_gathering.png;Das fiktive Event „Conscious Summer Gathering“ findet in Aschaffenburg, wo Mainufer, Parkgrün und warme Sandsteinfarben eine geerdete Atmosphäre schaffen statt. Mehrere Tage geben Raum für Vertiefung, Gemeinschaft, Integration und bewusste Ausrichtung. Die Beschreibung ist bewusst als realistisch klingender Demo-Content formuliert, bleibt aber vollständig erfunden und dient der Befüllung einer Web-App mit glaubwürdigen Beispieldaten. Conscious Summer Gathering ist als mehrtägiger Erfahrungsraum konzipiert und verbindet Praxis, Gemeinschaft und bewusste Erholung. Das Programm umfasst je nach Tagesstruktur Meditation, Bewegung, Sharing, Naturzeit, Musik, Ritual und Integrationsphasen. Die längere Dauer ermöglicht ein tieferes Eintauchen und ein nachhaltigeres Verankern neuer Erfahrungen. Der Rahmen bleibt bewusst fiktiv, beschreibt aber realistische Anforderungen an Anmeldung, Anreise, Übernachtung und Selbstverantwortung.;Fiktiver Rhein-Main-Neckar Veranstaltungskalender – Aschaffenburg;Die Veranstaltung wird von einem externen Veranstalter durchgeführt. Wir sind nicht Veranstalter und übernehmen keine Verantwortung für Durchführung, Inhalte, Preise, Verfügbarkeit, Änderungen, Absagen oder die Angaben des Veranstalters. Bitte prüfe aktuelle Informationen direkt beim Veranstalter.
2026-09-04-0043;Embodiment Wochenende: Zuhause im Körper;Ein Wochenende mit Yoga, somatischer Praxis, Sharing und nährender Ruhe.;Mehrtägige Events;Retreat;2026-09-04;2026-09-06;17:00;15:00;Frankfurt am Main;Haus am Osthafen;https://maps.example/?q=haus+am+osthafen+frankfurt+am+main;https://www.embodiment-wochenende-zuhause-im-koerper.example;kontakt@embodiment-wochenende-zuhause-im-koerper.example;+49 69 88043 1343;ja;bilder/mehrtaegige_events/2026-09-04-0043_embodiment_wochenende_zuhause_im_korper.png;Das fiktive Event „Embodiment Wochenende: Zuhause im Körper“ findet im urbanen Rhythmus von Frankfurt am Main, nahe Mainufer und lebendiger Stadtenergie statt. Mehrere Tage geben Raum für Vertiefung, Gemeinschaft, Integration und bewusste Ausrichtung. Die Beschreibung ist bewusst als realistisch klingender Demo-Content formuliert, bleibt aber vollständig erfunden und dient der Befüllung einer Web-App mit glaubwürdigen Beispieldaten. Embodiment Wochenende: Zuhause im Körper ist als mehrtägiger Erfahrungsraum konzipiert und verbindet Praxis, Gemeinschaft und bewusste Erholung. Das Programm umfasst je nach Tagesstruktur Meditation, Bewegung, Sharing, Naturzeit, Musik, Ritual und Integrationsphasen. Die längere Dauer ermöglicht ein tieferes Eintauchen und ein nachhaltigeres Verankern neuer Erfahrungen. Der Rahmen bleibt bewusst fiktiv, beschreibt aber realistische Anforderungen an Anmeldung, Anreise, Übernachtung und Selbstverantwortung.;Fiktiver Rhein-Main-Neckar Veranstaltungskalender – Frankfurt am Main;Die Veranstaltung wird von einem externen Veranstalter durchgeführt. Wir sind nicht Veranstalter und übernehmen keine Verantwortung für Durchführung, Inhalte, Preise, Verfügbarkeit, Änderungen, Absagen oder die Angaben des Veranstalters. Bitte prüfe aktuelle Informationen direkt beim Veranstalter.
2026-09-25-0044;Frauenretreat: Zyklus, Stimme, Vision;Ein geschütztes Retreat für Körperweisheit, Stimme, Natur und kreative Ausrichtung.;Mehrtägige Events;Retreat;2026-09-25;2026-09-27;16:00;14:00;Mainz;Studio Goldenes Rad;https://maps.example/?q=studio+goldenes+rad+mainz;https://www.frauenretreat-zyklus-stimme-vision.example;kontakt@frauenretreat-zyklus-stimme-vision.example;+49 6131 88044 1344;ja;bilder/mehrtaegige_events/2026-09-25-0044_frauenretreat_zyklus_stimme_vision.png;Das fiktive Event „Frauenretreat: Zyklus, Stimme, Vision“ findet in Mainz, getragen von Rheinnähe, Altstadtwärme und einer offenen Kreisatmosphäre statt. Mehrere Tage geben Raum für Vertiefung, Gemeinschaft, Integration und bewusste Ausrichtung. Die Beschreibung ist bewusst als realistisch klingender Demo-Content formuliert, bleibt aber vollständig erfunden und dient der Befüllung einer Web-App mit glaubwürdigen Beispieldaten. Frauenretreat: Zyklus, Stimme, Vision ist als mehrtägiger Erfahrungsraum konzipiert und verbindet Praxis, Gemeinschaft und bewusste Erholung. Das Programm umfasst je nach Tagesstruktur Meditation, Bewegung, Sharing, Naturzeit, Musik, Ritual und Integrationsphasen. Die längere Dauer ermöglicht ein tieferes Eintauchen und ein nachhaltigeres Verankern neuer Erfahrungen. Der Rahmen bleibt bewusst fiktiv, beschreibt aber realistische Anforderungen an Anmeldung, Anreise, Übernachtung und Selbstverantwortung.;Fiktiver Rhein-Main-Neckar Veranstaltungskalender – Mainz;Die Veranstaltung wird von einem externen Veranstalter durchgeführt. Wir sind nicht Veranstalter und übernehmen keine Verantwortung für Durchführung, Inhalte, Preise, Verfügbarkeit, Änderungen, Absagen oder die Angaben des Veranstalters. Bitte prüfe aktuelle Informationen direkt beim Veranstalter.
2026-10-08-0045;Healing Arts Mini Festival;Ein mehrtägiges Community-Festival mit Klangkunst, Körperarbeit und Ritualräumen.;Mehrtägige Events;Festival;2026-10-08;2026-10-11;14:00;15:00;Wiesbaden;Thermenraum Klarheit;https://maps.example/?q=thermenraum+klarheit+wiesbaden;https://www.healing-arts-mini-festival.example;kontakt@healing-arts-mini-festival.example;+49 611 88045 1345;ja;bilder/mehrtaegige_events/2026-10-08-0045_healing_arts_mini_festival.png;Das fiktive Event „Healing Arts Mini Festival“ findet in Wiesbaden, inspiriert von Quellen, Kurparkruhe und sanfter Eleganz statt. Mehrere Tage geben Raum für Vertiefung, Gemeinschaft, Integration und bewusste Ausrichtung. Die Beschreibung ist bewusst als realistisch klingender Demo-Content formuliert, bleibt aber vollständig erfunden und dient der Befüllung einer Web-App mit glaubwürdigen Beispieldaten. Healing Arts Mini Festival ist als mehrtägiger Erfahrungsraum konzipiert und verbindet Praxis, Gemeinschaft und bewusste Erholung. Das Programm umfasst je nach Tagesstruktur Meditation, Bewegung, Sharing, Naturzeit, Musik, Ritual und Integrationsphasen. Die längere Dauer ermöglicht ein tieferes Eintauchen und ein nachhaltigeres Verankern neuer Erfahrungen. Der Rahmen bleibt bewusst fiktiv, beschreibt aber realistische Anforderungen an Anmeldung, Anreise, Übernachtung und Selbstverantwortung.;Fiktiver Rhein-Main-Neckar Veranstaltungskalender – Wiesbaden;Die Veranstaltung wird von einem externen Veranstalter durchgeführt. Wir sind nicht Veranstalter und übernehmen keine Verantwortung für Durchführung, Inhalte, Preise, Verfügbarkeit, Änderungen, Absagen oder die Angaben des Veranstalters. Bitte prüfe aktuelle Informationen direkt beim Veranstalter.
2026-10-29-0046;Digital Detox & Waldmedizin;Vier Tage ohne Bildschirm mit Waldgängen, Atemarbeit, Sauna und stiller Reflexion.;Mehrtägige Events;Retreat;2026-10-29;2026-11-01;16:00;13:00;Darmstadt;Studio Rosenhöhe;https://maps.example/?q=studio+rosenhohe+darmstadt;https://www.digital-detox-waldmedizin.example;kontakt@digital-detox-waldmedizin.example;+49 6151 88046 1346;ja;bilder/mehrtaegige_events/2026-10-29-0046_digital_detox_waldmedizin.png;Das fiktive Event „Digital Detox & Waldmedizin“ findet in Darmstadt, zwischen kreativer Atelierkultur, Rosenhöhe und bewusster Forschung am Menschsein statt. Mehrere Tage geben Raum für Vertiefung, Gemeinschaft, Integration und bewusste Ausrichtung. Die Beschreibung ist bewusst als realistisch klingender Demo-Content formuliert, bleibt aber vollständig erfunden und dient der Befüllung einer Web-App mit glaubwürdigen Beispieldaten. Digital Detox & Waldmedizin ist als mehrtägiger Erfahrungsraum konzipiert und verbindet Praxis, Gemeinschaft und bewusste Erholung. Das Programm umfasst je nach Tagesstruktur Meditation, Bewegung, Sharing, Naturzeit, Musik, Ritual und Integrationsphasen. Die längere Dauer ermöglicht ein tieferes Eintauchen und ein nachhaltigeres Verankern neuer Erfahrungen. Der Rahmen bleibt bewusst fiktiv, beschreibt aber realistische Anforderungen an Anmeldung, Anreise, Übernachtung und Selbstverantwortung.;Fiktiver Rhein-Main-Neckar Veranstaltungskalender – Darmstadt;Die Veranstaltung wird von einem externen Veranstalter durchgeführt. Wir sind nicht Veranstalter und übernehmen keine Verantwortung für Durchführung, Inhalte, Preise, Verfügbarkeit, Änderungen, Absagen oder die Angaben des Veranstalters. Bitte prüfe aktuelle Informationen direkt beim Veranstalter.
2026-11-13-0047;Paar-Retreat: Nähe, Wahrheit, Verbundenheit;Ein Wochenende für Paare mit ehrlicher Kommunikation, Körperarbeit und Ritualen.;Mehrtägige Events;Retreat;2026-11-13;2026-11-15;17:00;15:00;Heidelberg;Altstadt Klangraum;https://maps.example/?q=altstadt+klangraum+heidelberg;https://www.paar-retreat-naehe-wahrheit-verbundenheit.example;kontakt@paar-retreat-naehe-wahrheit-verbundenheit.example;+49 6221 88047 1347;ja;bilder/mehrtaegige_events/2026-11-13-0047_paar_retreat_nahe_wahrheit_verbundenheit.png;Das fiktive Event „Paar-Retreat: Nähe, Wahrheit, Verbundenheit“ findet in Heidelberg, mit Neckarblick, Altstadtwärme und der ruhigen Weite der umliegenden Hügel statt. Mehrere Tage geben Raum für Vertiefung, Gemeinschaft, Integration und bewusste Ausrichtung. Die Beschreibung ist bewusst als realistisch klingender Demo-Content formuliert, bleibt aber vollständig erfunden und dient der Befüllung einer Web-App mit glaubwürdigen Beispieldaten. Paar-Retreat: Nähe, Wahrheit, Verbundenheit ist als mehrtägiger Erfahrungsraum konzipiert und verbindet Praxis, Gemeinschaft und bewusste Erholung. Das Programm umfasst je nach Tagesstruktur Meditation, Bewegung, Sharing, Naturzeit, Musik, Ritual und Integrationsphasen. Die längere Dauer ermöglicht ein tieferes Eintauchen und ein nachhaltigeres Verankern neuer Erfahrungen. Der Rahmen bleibt bewusst fiktiv, beschreibt aber realistische Anforderungen an Anmeldung, Anreise, Übernachtung und Selbstverantwortung.;Fiktiver Rhein-Main-Neckar Veranstaltungskalender – Heidelberg;Die Veranstaltung wird von einem externen Veranstalter durchgeführt. Wir sind nicht Veranstalter und übernehmen keine Verantwortung für Durchführung, Inhalte, Preise, Verfügbarkeit, Änderungen, Absagen oder die Angaben des Veranstalters. Bitte prüfe aktuelle Informationen direkt beim Veranstalter.
2026-12-11-0048;Winterruhe Yoga & Klang Retreat;Ein stilles Winterwochenende mit Yin Yoga, Klangbädern und Kerzenritual.;Mehrtägige Events;Retreat;2026-12-11;2026-12-13;16:00;14:00;Aschaffenburg;Klanghaus Pompejanum;https://maps.example/?q=klanghaus+pompejanum+aschaffenburg;https://www.winterruhe-yoga-klang-retreat.example;kontakt@winterruhe-yoga-klang-retreat.example;+49 6021 88048 1348;ja;bilder/mehrtaegige_events/2026-12-11-0048_winterruhe_yoga_klang_retreat.png;Das fiktive Event „Winterruhe Yoga & Klang Retreat“ findet in Aschaffenburg, wo Mainufer, Parkgrün und warme Sandsteinfarben eine geerdete Atmosphäre schaffen statt. Mehrere Tage geben Raum für Vertiefung, Gemeinschaft, Integration und bewusste Ausrichtung. Die Beschreibung ist bewusst als realistisch klingender Demo-Content formuliert, bleibt aber vollständig erfunden und dient der Befüllung einer Web-App mit glaubwürdigen Beispieldaten. Winterruhe Yoga & Klang Retreat ist als mehrtägiger Erfahrungsraum konzipiert und verbindet Praxis, Gemeinschaft und bewusste Erholung. Das Programm umfasst je nach Tagesstruktur Meditation, Bewegung, Sharing, Naturzeit, Musik, Ritual und Integrationsphasen. Die längere Dauer ermöglicht ein tieferes Eintauchen und ein nachhaltigeres Verankern neuer Erfahrungen. Der Rahmen bleibt bewusst fiktiv, beschreibt aber realistische Anforderungen an Anmeldung, Anreise, Übernachtung und Selbstverantwortung.;Fiktiver Rhein-Main-Neckar Veranstaltungskalender – Aschaffenburg;Die Veranstaltung wird von einem externen Veranstalter durchgeführt. Wir sind nicht Veranstalter und übernehmen keine Verantwortung für Durchführung, Inhalte, Preise, Verfügbarkeit, Änderungen, Absagen oder die Angaben des Veranstalters. Bitte prüfe aktuelle Informationen direkt beim Veranstalter.
2026-12-30-0049;New Earth New Year Gathering;Ein bewusstes Jahreswechsel-Gathering mit Tanz, Ritual, Visioning und gemeinsamer Stille.;Mehrtägige Events;Festival;2026-12-30;2027-01-02;15:00;13:00;Frankfurt am Main;Studio Herzfrequenz;https://maps.example/?q=studio+herzfrequenz+frankfurt+am+main;https://www.new-earth-new-year-gathering.example;kontakt@new-earth-new-year-gathering.example;+49 69 88049 1349;ja;bilder/mehrtaegige_events/2026-12-30-0049_new_earth_new_year_gathering.png;Das fiktive Event „New Earth New Year Gathering“ findet im urbanen Rhythmus von Frankfurt am Main, nahe Mainufer und lebendiger Stadtenergie statt. Mehrere Tage geben Raum für Vertiefung, Gemeinschaft, Integration und bewusste Ausrichtung. Die Beschreibung ist bewusst als realistisch klingender Demo-Content formuliert, bleibt aber vollständig erfunden und dient der Befüllung einer Web-App mit glaubwürdigen Beispieldaten. New Earth New Year Gathering ist als mehrtägiger Erfahrungsraum konzipiert und verbindet Praxis, Gemeinschaft und bewusste Erholung. Das Programm umfasst je nach Tagesstruktur Meditation, Bewegung, Sharing, Naturzeit, Musik, Ritual und Integrationsphasen. Die längere Dauer ermöglicht ein tieferes Eintauchen und ein nachhaltigeres Verankern neuer Erfahrungen. Der Rahmen bleibt bewusst fiktiv, beschreibt aber realistische Anforderungen an Anmeldung, Anreise, Übernachtung und Selbstverantwortung.;Fiktiver Rhein-Main-Neckar Veranstaltungskalender – Frankfurt am Main;Die Veranstaltung wird von einem externen Veranstalter durchgeführt. Wir sind nicht Veranstalter und übernehmen keine Verantwortung für Durchführung, Inhalte, Preise, Verfügbarkeit, Änderungen, Absagen oder die Angaben des Veranstalters. Bitte prüfe aktuelle Informationen direkt beim Veranstalter.
2027-03-19-0050;Frühlingsretreat: Samen setzen;Ein Retreat für Neubeginn, Intention, Yoga, Stimme und achtsame Naturverbindung.;Mehrtägige Events;Retreat;2027-03-19;2027-03-21;16:00;14:00;Mainz;Mitte am Domgarten;https://maps.example/?q=mitte+am+domgarten+mainz;https://www.fruehlingsretreat-samen-setzen.example;kontakt@fruehlingsretreat-samen-setzen.example;+49 6131 88050 1350;ja;bilder/mehrtaegige_events/2027-03-19-0050_fruhlingsretreat_samen_setzen.png;Das fiktive Event „Frühlingsretreat: Samen setzen“ findet in Mainz, getragen von Rheinnähe, Altstadtwärme und einer offenen Kreisatmosphäre statt. Mehrere Tage geben Raum für Vertiefung, Gemeinschaft, Integration und bewusste Ausrichtung. Die Beschreibung ist bewusst als realistisch klingender Demo-Content formuliert, bleibt aber vollständig erfunden und dient der Befüllung einer Web-App mit glaubwürdigen Beispieldaten. Frühlingsretreat: Samen setzen ist als mehrtägiger Erfahrungsraum konzipiert und verbindet Praxis, Gemeinschaft und bewusste Erholung. Das Programm umfasst je nach Tagesstruktur Meditation, Bewegung, Sharing, Naturzeit, Musik, Ritual und Integrationsphasen. Die längere Dauer ermöglicht ein tieferes Eintauchen und ein nachhaltigeres Verankern neuer Erfahrungen. Der Rahmen bleibt bewusst fiktiv, beschreibt aber realistische Anforderungen an Anmeldung, Anreise, Übernachtung und Selbstverantwortung.;Fiktiver Rhein-Main-Neckar Veranstaltungskalender – Mainz;Die Veranstaltung wird von einem externen Veranstalter durchgeführt. Wir sind nicht Veranstalter und übernehmen keine Verantwortung für Durchführung, Inhalte, Preise, Verfügbarkeit, Änderungen, Absagen oder die Angaben des Veranstalters. Bitte prüfe aktuelle Informationen direkt beim Veranstalter.
